Peak_175893	778339
Peak_203412	778339
Peak_2485	778339
Peak_23845	817296
Peak_54490	817296
Peak_67130	817296
Peak_57080	818645
Peak_61510	818645
Peak_33159	826914
Peak_6539	826914
Peak_78313	826914
Peak_18124	858673
Peak_22173	904265
Peak_39088	904265
Peak_56282	910645
Peak_68095	910645
Peak_21707	921111
Peak_21162	923679
Peak_194032	984057
Peak_46779	984057
Peak_20042	1059521
Peak_36699	1079452
Peak_53818	1079452
Peak_67761	1079452
Peak_98397	1079452
Peak_20098	1122088
Peak_233916	1157380
Peak_24251	1157380
Peak_62286	1157380
Peak_8947	1157380
Peak_223436	1208073
Peak_39962	1208073
Peak_200247	1247227
Peak_37551	1362059
Peak_28508	1430253
Peak_33336	1430253
Peak_40715	1430253
Peak_59235	1433282
Peak_22309	1434331
Peak_58833	1504688
Peak_78587	1504688
Peak_153154	1505348
Peak_33133	1505348
Peak_101843	1630991
Peak_33652	1630991
Peak_100741	1782115
Peak_78655	1782115
Peak_94809	1782115
Peak_26211	1906263
Peak_10207	1908433
Peak_207703	1908433
Peak_31010	1908433
Peak_7738	1908433
Peak_11612	2213949
Peak_75415	2213949
Peak_807	2227466
Peak_28978	2311523
Peak_75451	2314373
Peak_250432	2314905
Peak_54121	2314905
Peak_25612	2545942
Peak_40005	2545942
Peak_53716	2546877
Peak_47826	2548098
Peak_34332	2548702
Peak_231052	2578108
Peak_59449	2578108
Peak_35300	2585308
Peak_36517	2585308
Peak_74888	2968596
Peak_113560	3441471
Peak_116550	3611562
Peak_201881	3619068
Peak_54397	3619068
Peak_12580	3747073
Peak_43952	3948361
Peak_234399	4652647
Peak_78953	4652647
Peak_51286	4801539
Peak_32117	4970222
Peak_46374	4970222
Peak_76073	4970222
Peak_21456	6743205
Peak_229246	6743205
Peak_68410	6743205
Peak_55001	6770748
Peak_12200	7783423
Peak_31777	8040512
Peak_91872	8043735
Peak_65483	8047234
Peak_36338	8061262
Peak_102260	8063673
Peak_58653	8063673
Peak_51752	8077095
Peak_90534	8078170
Peak_39862	8083116
Peak_81082	8117002
Peak_5979	8121085
Peak_75448	8121085
Peak_47074	8133230
Peak_26277	8133665
Peak_9687	8133665
Peak_57335	8154758
Peak_11975	8169466
Peak_147137	8169466
Peak_74754	8169466
Peak_98776	8169466
Peak_43134	8174398
Peak_35807	8189923
Peak_46512	8197796
Peak_9679	8202137
Peak_9963	8202137
Peak_102209	8204507
Peak_42307	8217010
Peak_63932	8217010
Peak_68348	8239031
Peak_62058	8239647
Peak_76620	8251723
Peak_117130	8259318
Peak_95140	8259318
Peak_19389	8314329
Peak_149303	8348832
Peak_32559	8348832
Peak_58176	8822777
Peak_5768	8848669
Peak_61552	8889466
Peak_10970	8890002
Peak_47055	8890002
Peak_55004	8903959
Peak_40138	8918117
Peak_13685	8986159
Peak_50864	9031682
Peak_30471	9129462
Peak_152929	9149889
Peak_127846	9150721
Peak_172205	9150721
Peak_61465	9150721
Peak_232592	9181336
Peak_72043	9181336
Peak_175139	9181939
Peak_201044	9181939
Peak_130734	9196317
Peak_59088	9196317
Peak_80249	9196317
Peak_206364	9201347
Peak_46778	9201347
Peak_52584	9233327
Peak_249918	9280431
Peak_69547	9280431
Peak_110743	9281820
Peak_27858	9371380
Peak_32932	9371380
Peak_65058	9375941
Peak_10571	9376473
Peak_84482	9376473
Peak_91989	9376473
Peak_110940	9384446
Peak_19761	9384730
Peak_72145	9388862
Peak_27737	9412740
Peak_99910	9412740
Peak_151966	9413583
Peak_174914	9413583
Peak_52488	9413583
Peak_3604	9428570
Peak_94796	9438580
Peak_143744	9441579
Peak_86099	9441579
Peak_47179	9467084
Peak_59736	9472852
Peak_95151	9472852
Peak_53909	9495017
Peak_68809	9532817
Peak_17499	9627007
Peak_87181	9627007
Peak_150271	9825439
Peak_25304	9825439
Peak_17596	9835837
Peak_28817	9835837
Peak_62490	10387870
Peak_79411	10635481
Peak_84479	10635481
Peak_40788	10636008
Peak_27481	10866890
Peak_78705	10866890
Peak_12942	11731656
Peak_66325	11731656
Peak_63915	11880842
Peak_67322	11880842
Peak_13973	11907716
Peak_35502	11907716
Peak_7091	11907716
Peak_9887	11907716
Peak_22027	11918789
Peak_26324	12052004
Peak_129915	12146790
Peak_132822	12153075
Peak_59696	12153075
Peak_43657	12161732
Peak_16142	12518778
Peak_74595	12518778
Peak_78903	12518778
Peak_179008	12525384
Peak_87534	12525384
Peak_16044	12539832
Peak_18934	12539832
Peak_90912	12541553
Peak_43456	12548777
Peak_48463	12548777
Peak_61720	12548777
Peak_64392	12556273
Peak_8479	12556273
Peak_15351	12617975
Peak_50722	12617975
Peak_43494	12619045
Peak_27113	12619868
Peak_132825	12636565
Peak_153560	12636565
Peak_153561	12636565
Peak_12907	13540804
Peak_67643	13543983
Peak_41270	13619925
Peak_68046	13948867
Peak_93570	13948867
Peak_207614	14238299
Peak_27574	14238299
Peak_15672	14259060
Peak_23208	14304333
Peak_38914	14304333
Peak_85703	14486959
Peak_132831	14497985
Peak_94919	14497985
Peak_71541	14517119
Peak_44771	14522175
Peak_60245	14522985
Peak_50841	15146183
Peak_21436	15243191
Peak_25004	15603115
Peak_7472	15603115
Peak_79002	15603115
Peak_92956	15683114
Peak_25780	15741418
Peak_129839	15786601
Peak_46503	15799114
Peak_40011	15799492
Peak_175451	15800243
Peak_43852	15800243
Peak_12034	15834305
Peak_28528	15834305
Peak_46751	15834305
Peak_2956	15835369
Peak_51216	15835369
Peak_61208	15835369
Peak_66274	15835369
Peak_53350	16012786
Peak_29064	16013269
Peak_55593	16075320
Peak_110358	16164246
Peak_175795	16164246
Peak_52119	16167945
Peak_18019	16175626
Peak_263756	16175626
Peak_49888	16175626
Peak_66452	16181541
Peak_6920	16181541
Peak_71343	16181541
Peak_36409	16187644
Peak_3477	16217030
Peak_39071	16217030
Peak_127499	16244252
Peak_44950	16244252
Peak_131540	16498498
Peak_55412	16498498
Peak_70875	16498498
Peak_9248	16498498
Peak_23763	16513923
Peak_40125	16514472
Peak_52814	16534678
Peak_57311	16534678
Peak_68756	16534678
Peak_87561	16534678
Peak_94948	16534678
Peak_16918	16621016
Peak_22783	16644275
Peak_56978	16644275
Peak_8619	16644275
Peak_62476	16707465
Peak_78270	16707465
Peak_30187	16725249
Peak_47131	16725249
Peak_61562	16984597
Peak_16070	17502373
Peak_92145	17502373
Peak_5586	17531602
Peak_54988	18599062
Peak_207835	18962188
Peak_36462	18962188
Peak_18056	19010770
Peak_68482	19067040
Peak_65443	19504960
Peak_76552	19504960
Peak_63709	19529595
Peak_44023	19532516
Peak_104502	19563484
Peak_52819	19563484
Peak_13744	19659794
Peak_17121	20110668
Peak_42693	20124511
Peak_21583	20151955
Peak_226818	20151955
Peak_207578	20178450
Peak_21579	20178450
Peak_12743	20183746
Peak_152655	20183746
Peak_47168	20212983
Peak_81550	20265225
Peak_147664	20477814
Peak_33740	20493725
Peak_133047	21368479
Peak_22837	21368479
Peak_74237	21509127
Peak_25061	21673257
Peak_40337	21942984
Peak_102182	21944344
Peak_58587	21955135
Peak_55731	21956784
Peak_38116	21963988
Peak_10902	22024912
Peak_35441	22024912
Peak_58576	22024912
Peak_6249	22024912
Peak_25700	22031426
Peak_178050	22108261
Peak_48495	22108261
Peak_99160	22108261
Peak_143987	22342075
Peak_84448	22342075
Peak_23273	22969314
Peak_129768	23376920
Peak_25465	23376920
Peak_42271	23376920
Peak_14252	23531267
Peak_26634	23539696
Peak_56633	23554476
Peak_9362	23554476
Peak_23429	23562089
Peak_2998	23562089
Peak_207296	23567837
Peak_61606	23567837
Peak_76403	23568818
Peak_22746	23577373
Peak_38926	23772172
Peak_23405	23919837
Peak_66104	23919837
Peak_17384	24018637
Peak_56215	24020139
Peak_35177	24045790
Peak_91387	24045790
Peak_98985	24045790
Peak_23909	24112225
Peak_73731	24112225
Peak_33900	24150281
Peak_72422	24150281
Peak_23153	24201876
Peak_19345	24289982
Peak_13401	24294367
Peak_26356	24294367
Peak_34707	24294367
Peak_52828	24688619
Peak_123437	24693828
Peak_42698	24693828
Peak_21919	24705296
Peak_50855	24714908
Peak_79071	24714908
Peak_25352	24720050
Peak_21916	24727527
Peak_154010	24735891
Peak_52829	24735891
Peak_124240	24847781
Peak_19432	24847781
Peak_35112	24847781
Peak_52323	24847781
Peak_60444	25022484
Peak_49990	25022831
Peak_20889	25233120
Peak_14498	25239614
Peak_7957	25239614
Peak_17547	25616032
Peak_47483	25616032
Peak_6778	25616032
Peak_152429	25787024
Peak_10177	25874967
Peak_144846	25874967
Peak_43769	25874967
Peak_57712	25874967
Peak_34828	25952811
Peak_57324	25952811
Peak_104606	26225213
Peak_152019	26321288
Peak_30090	26321288
Peak_10353	26500059
Peak_13883	26500059
Peak_175786	26500059
Peak_24670	26500059
Peak_17190	26620325
Peak_21683	26620325
Peak_3914	26620325
Peak_5675	26620325
Peak_24731	26677434
Peak_24141	26692233
Peak_79699	26692233
Peak_11494	26692884
Peak_59054	26786928
Peak_17103	26799361
Peak_42980	26799361
Peak_1170	26864699
Peak_70534	26864699
Peak_16366	27031481
Peak_35391	27044499
Peak_111971	27402402
Peak_147422	27402402
Peak_51399	27402402
Peak_56347	27402402
Peak_67661	27402402
Peak_68787	27496814
Peak_252945	27503929
Peak_254049	27503929
Peak_22007	27504428
Peak_29455	27504428
Peak_37576	27504428
Peak_48597	27521537
Peak_17393	27525521
Peak_20831	27528050
Peak_23662	27528050
Peak_45237	27528050
Peak_60365	27528050
Peak_110372	27650615
Peak_90861	27650615
Peak_44394	27659670
Peak_9904	27659670
Peak_41187	27663183
Peak_53203	27863185
Peak_74136	27863185
Peak_1512	28247123
Peak_28437	28581238
Peak_3072	28581238
Peak_52713	28648034
Peak_60765	28648034
Peak_7476	28648034
Peak_9215	28648034
Peak_35803	28775131
Peak_29245	28882125
Peak_10899	28884988
Peak_14146	29124259
Peak_18380	29124259
Peak_41091	29124259
Peak_36361	29133659
Peak_226657	29416828
Peak_59161	29416828
Peak_80200	29416828
Peak_147087	30086092
Peak_247289	30086092
Peak_64087	30380428
Peak_124004	30637079
Peak_58532	30637079
Peak_49991	30637591
Peak_41637	30670284
Peak_24858	30675747
Peak_69741	30680884
Peak_84677	30693950
Peak_28698	30695438
Peak_67416	30697802
Peak_26171	30700969
Peak_13523	30704311
Peak_43895	30705132
Peak_50211	30706637
Peak_33634	30708145
Peak_201924	30763313
Peak_24086	30763313
Peak_39770	30801793
Peak_46141	30801793
Peak_101208	30809474
Peak_126413	30809474
Peak_34363	30809474
Peak_40388	30816168
Peak_40829	30816168
Peak_26269	30818583
Peak_64610	30818583
Peak_4129	30823926
Peak_802	30823926
Peak_38713	30847524
Peak_39308	30852074
Peak_29239	30854204
Peak_78321	30856215
Peak_42632	30911370
Peak_21614	31154681
Peak_23582	31154681
Peak_11676	31170699
Peak_28621	31394635
Peak_152928	31548740
Peak_203334	31548740
Peak_23838	31548740
Peak_46761	31548740
Peak_154049	31564046
Peak_47171	31564046
Peak_76588	31564046
Peak_87628	31564046
Peak_45268	31573934
Peak_36422	31587811
Peak_53831	31587811
Peak_100427	31588649
Peak_150716	31588649
Peak_195367	31588649
Peak_176128	31704523
Peak_64380	31704523
Peak_24177	31705213
Peak_1142	31714513
Peak_13527	31714513
Peak_59083	31714513
Peak_9991	31714513
Peak_13428	31788150
Peak_18447	31788150
Peak_52302	31788150
Peak_57710	31788150
Peak_62055	31788150
Peak_71712	31788150
Peak_17514	31954688
Peak_70019	31954688
Peak_46232	31955981
Peak_35021	32063360
Peak_150274	32066556
Peak_223620	32239366
Peak_146163	32239960
Peak_26659	32240228
Peak_33986	32240228
Peak_53162	32241032
Peak_63323	32241032
Peak_19504	32400860
Peak_16304	32712183
Peak_48946	32925824
Peak_36766	32972775
Peak_68788	32972775
Peak_43080	32989262
Peak_66638	32992498
Peak_128548	33126988
Peak_3639	33126988
Peak_66470	33143226
Peak_48948	33229185
Peak_34512	33300749
Peak_58741	33433811
Peak_109988	33443428
Peak_30175	33443428
Peak_20165	33455880
Peak_28965	33455880
Peak_37705	33460991
Peak_15290	33470524
Peak_170025	34929944
Peak_65467	35121002
Peak_76593	35222705
Peak_87638	35222705
Peak_93108	35264901
Peak_16684	36183308
Peak_252004	36183308
Peak_148341	36187806
Peak_33243	36187806
Peak_9525	36187806
Peak_179633	36200302
Peak_52650	36223422
Peak_2170	36386455
Peak_102399	36387058
Peak_145208	37034405
Peak_154062	37083574
Peak_62523	37083574
Peak_28207	37454762
Peak_29044	37454762
Peak_16143	37471737
Peak_109135	37487194
Peak_38171	37487194
Peak_250252	37605873
Peak_86113	37605873
Peak_34962	37666939
Peak_67616	37666939
Peak_81592	37676459
Peak_32216	38138560
Peak_31857	38571642
Peak_104623	38728255
Peak_50857	39047603
Peak_59721	39047603
Peak_40132	39076448
Peak_133226	39559114
Peak_28290	39559114
Peak_76597	39559114
Peak_29690	39646173
Peak_71960	39646173
Peak_127696	39653547
Peak_51540	39653547
Peak_44982	39934238
Peak_61122	39934238
Peak_124920	39952527
Peak_78420	39952527
Peak_55958	40668877
Peak_58639	40774265
Peak_114300	40782374
Peak_194064	40782374
Peak_206361	40782374
Peak_265111	40782374
Peak_24379	40783389
Peak_34625	40845208
Peak_99183	40867585
Peak_30058	40877684
Peak_52683	40939771
Peak_34978	40944358
Peak_21868	40944908
Peak_9623	40944908
Peak_61054	40967530
Peak_47172	41268242
Peak_48779	41314075
Peak_38753	41319897
Peak_25744	41387763
Peak_54843	41414923
Peak_17437	41432440
Peak_40786	41432440
Peak_42360	41432440
Peak_6516	41455697
Peak_19405	41474434
Peak_7970	41474434
Peak_70667	41495706
Peak_7006	41496028
Peak_75446	41496842
Peak_46193	41500525
Peak_44026	42172598
Peak_61745	42172598
Peak_64163	42172598
Peak_2111	42923879
Peak_22602	42923879
Peak_230717	42923879
Peak_233303	42923879
Peak_66390	42923879
Peak_24968	42962709
Peak_47173	42973335
Peak_70588	43069854
Peak_115129	43295432
Peak_174842	43295432
Peak_43458	44036599
Peak_29729	44047737
Peak_77865	44047737
Peak_31540	44059708
Peak_35929	44059708
Peak_12429	44730546
Peak_14075	44730546
Peak_15569	44730546
Peak_173101	44730546
Peak_14173	44807240
Peak_9888	44807240
Peak_30136	46037049
Peak_67323	46442308
Peak_131547	46466404
Peak_141992	46466404
Peak_71900	46466404
Peak_32217	46725115
Peak_51510	46749895
Peak_111099	47179089
Peak_30144	47179089
Peak_101376	47192657
Peak_47573	47432411
Peak_62526	47508754
Peak_173610	47578004
Peak_28539	47578004
Peak_70649	47578004
Peak_99209	47578004
Peak_56300	47710493
Peak_23538	47726096
Peak_75297	47726096
Peak_21378	47751877
Peak_254148	47997306
Peak_39366	47997306
Peak_27309	48494083
Peak_128970	50332988
Peak_30200	50332988
Peak_74690	50332988
Peak_13749	50977022
Peak_14070	50977022
Peak_46033	50977022
Peak_48335	50977022
Peak_51462	50977022
Peak_11154	52702940
Peak_19559	52702940
Peak_52136	52710339
Peak_127159	53145885
Peak_43973	53145885
Peak_71780	53172769
Peak_200593	53176576
Peak_28972	53176576
Peak_46164	53176576
Peak_245533	53485422
Peak_39861	53485422
Peak_61198	53500282
Peak_197005	53738434
Peak_32493	53738434
Peak_66754	53738434
Peak_70313	53738434
Peak_39332	53982103
Peak_50198	53982103
Peak_234971	54121449
Peak_27466	54121449
Peak_70982	54121449
Peak_112275	54474712
Peak_165630	54474712
Peak_208415	54474712
Peak_225939	54474712
Peak_39851	54474712
Peak_49977	54474712
Peak_53988	54474712
Peak_6549	54487979
Peak_195659	54489200
Peak_49703	54489200
Peak_32795	54499121
Peak_76054	54499121
Peak_36117	54772097
Peak_70791	54776157
Peak_39677	54777462
Peak_41109	54950369
Peak_64215	54950369
Peak_65475	54973238
Peak_57977	54996460
Peak_148461	55277116
Peak_54540	55277116
Peak_81609	55375019
Peak_13534	55443283
Peak_68259	55443283
Peak_31416	55463757
Peak_32200	55512557
Peak_57127	55519964
Peak_27342	55522374
Peak_39132	55522374
Peak_66650	55536613
Peak_43032	55575610
Peak_63605	55575610
Peak_23526	55580807
Peak_24844	55580807
Peak_59729	55669320
Peak_95088	55670438
Peak_128923	55694128
Peak_49724	55694128
Peak_110361	55718757
Peak_22740	55718757
Peak_28623	55781917
Peak_33028	55781917
Peak_34063	55813660
Peak_48952	55943795
Peak_44043	56056545
Peak_50037	56056545
Peak_165431	56073991
Peak_52834	56073991
Peak_104659	56081176
Peak_24054	56146464
Peak_31109	56255585
Peak_99210	56255585
Peak_146821	56376368
Peak_26698	56376368
Peak_60521	56380659
Peak_51287	56397388
Peak_28953	56446482
Peak_60925	56446482
Peak_66359	56452196
Peak_85886	56452196
Peak_58262	56453055
Peak_71401	56453055
Peak_198628	56477165
Peak_23756	56477165
Peak_40380	56477165
Peak_31218	58584375
Peak_66651	58592491
Peak_65476	58618294
Peak_166112	58652474
Peak_43520	58652474
Peak_27231	58755259
Peak_65478	58764406
Peak_95095	58764406
Peak_25319	58773401
Peak_42634	58784990
Peak_17659	58815228
Peak_10719	58816066
Peak_58400	58816066
Peak_81612	58848916
Peak_76608	58874862
Peak_72052	58883347
Peak_86172	58896703
Peak_11650	58903406
Peak_2348	58903406
Peak_57257	58903406
Peak_14409	58922276
Peak_26458	58968482
Peak_92581	58968482
Peak_23391	59013351
Peak_34337	59013351
Peak_57755	59013351
Peak_45040	59020235
Peak_13249	59043787
Peak_173263	59052187
Peak_205395	59052187
Peak_29937	59057203
Peak_39420	59061896
Peak_7240	59151032
Peak_72441	59203956
Peak_173640	59971325
Peak_45449	59971325
Peak_50860	60281446
Peak_38756	61491470
Peak_36204	61606685
Peak_68506	61606685
Peak_27927	61638253
Peak_38346	61641720
Peak_47177	62327705
Peak_39819	62384621
Peak_38709	62690243
Peak_46450	63316942
Peak_246634	63322193
Peak_63675	63322193
Peak_133306	63329694
Peak_176300	63662197
Peak_73601	63662197
Peak_111985	63674465
Peak_123945	63674465
Peak_19851	63674465
Peak_25499	63691993
Peak_13429	63698260
Peak_100541	63704336
Peak_154145	63731562
Peak_87663	63731562
Peak_50862	63747529
Peak_44486	64183404
Peak_209633	64196328
Peak_209634	64196328
Peak_62532	64269200
Peak_76609	64269446
Peak_110099	65002238
Peak_16161	65002238
Peak_17867	65002238
Peak_23815	65002238
Peak_21419	65066458
Peak_4393	65066458
Peak_196571	65067650
Peak_63679	65067650
Peak_133315	65687720
Peak_38928	65687720
Peak_34159	66402204
Peak_25645	66449912
Peak_27064	66449912
Peak_76612	67479155
Peak_227559	67561718
Peak_59123	67561718
Peak_50296	67590388
Peak_54999	67601626
Peak_55000	67618774
Peak_113674	67838294
Peak_94656	67838294
Peak_64485	67850686
Peak_208088	68321157
Peak_32776	68321157
Peak_234088	68322898
Peak_56175	68322898
Peak_58421	68322898
Peak_61894	68327525
Peak_231928	68342620
Peak_27650	68342620
Peak_33901	68384303
Peak_265974	68704599
Peak_179808	68717403
Peak_81619	68717403
Peak_103871	68725114
Peak_132568	68725114
Peak_56886	68725114
Peak_201177	68916153
Peak_204762	68916153
Peak_51889	68916153
Peak_41995	68955512
Peak_62535	69105071
Peak_48953	69122384
Peak_143000	69567153
Peak_144056	69567153
Peak_205713	69567153
Peak_28205	69567153
Peak_68801	71090030
Peak_25149	72283552
Peak_35140	72283552
Peak_55003	73065687
Peak_177758	75615902
Peak_54398	75615902
Peak_56419	76006266
Peak_87673	76052896
Peak_154223	76053385
Peak_29792	76069006
Peak_43766	77081711
Peak_27872	78617572
Peak_42637	79726378
Peak_80155	79726378
Peak_95139	82446319
Peak_73951	82486532
Peak_81630	82565176
Peak_50281	83150560
Peak_11811	83151207
Peak_80002	83151207
Peak_151152	83508474
Peak_68047	83508474
Peak_47178	83609609
Peak_66829	83641371
Peak_115451	83641851
Peak_54935	83641851
Peak_67836	83641851
Peak_83409	83860491
Peak_87437	83860491
Peak_48955	84540662
Peak_68805	84540662
Peak_38658	84603966
Peak_94534	84603966
Peak_22633	84604510
Peak_17080	84620611
Peak_18520	84620611
Peak_109355	84698208
Peak_18671	84698208
Peak_199981	84719557
Peak_78742	84719557
Peak_17216	84785021
Peak_223245	84785021
Peak_72457	85149003
Peak_57207	85220706
Peak_65305	85240382
Peak_100454	85244831
Peak_30382	85297719
Peak_84595	85297719
Peak_94677	85314050
Peak_79825	85587884
Peak_93625	85587884
Peak_128042	85599157
Peak_55437	85629047
Peak_93113	85629047
Peak_30729	86190792
Peak_63948	86396685
Peak_169561	86503388
Peak_41366	86503388
Peak_42608	86503388
Peak_54419	86503388
Peak_43176	86757519
Peak_73567	86774270
Peak_117146	86792876
Peak_52838	86792876
Peak_29936	87449276
Peak_69674	87644515
Peak_101931	87686542
Peak_114554	87686542
Peak_69791	87686542
Peak_175274	87781406
Peak_46574	87781406
Peak_209776	87806048
Peak_39464	87902704
Peak_66527	87968213
Peak_109542	87968499
Peak_37702	87968499
Peak_43452	88462584
Peak_59174	88462584
Peak_125453	89065565
Peak_42679	89358336
Peak_77988	89407445
Peak_77879	89407890
Peak_154299	89962034
Peak_179950	89962034
Peak_110154	89971571
Peak_62541	89972074
Peak_13932	90851283
Peak_77813	90851283
Peak_129061	91537296
Peak_92841	91537296
Peak_42200	91569861
Peak_73616	91575011
Peak_73451	91582538
Peak_111856	91584832
Peak_90353	91584832
Peak_50130	91604653
Peak_17966	91622673
Peak_33194	91650765
Peak_32508	92962314
Peak_175894	92994137
Peak_37320	92994137
Peak_40570	93847784
Peak_86041	93847784
Peak_92010	93979764
Peak_71489	94334489
Peak_23912	94648164
Peak_68807	94658212
Peak_62542	94664527
Peak_54942	94679703
Peak_101957	94702541
Peak_8969	94713725
Peak_18634	94743814
Peak_133436	94753618
Peak_111109	94783307
Peak_15032	94783307
Peak_61090	94793266
Peak_21775	94801995
Peak_44341	94801995
Peak_34444	94803526
Peak_36093	94955823
Peak_104120	94962921
Peak_81637	95087218
Peak_21151	95935500
Peak_93957	95935500
Peak_109390	96236068
Peak_166476	96416060
Peak_48441	96416060
Peak_174844	96482222
Peak_92515	96482222
Peak_94022	96487271
Peak_125065	96520072
Peak_60457	96520072
Peak_48210	96520586
Peak_28314	96538178
Peak_7040	96538178
Peak_57337	96560064
Peak_154328	96683827
Peak_38929	96683827
Peak_51637	96684803
Peak_246867	96865596
Peak_31136	96865596
Peak_93196	96934566
Peak_143992	96938540
Peak_176880	96938540
Peak_57927	96968556
Peak_51311	98048314
Peak_100927	99808356
Peak_148632	99808356
Peak_7037	99808356
Peak_81261	99808356
Peak_20485	100530857
Peak_150853	100658596
Peak_170601	101309381
Peak_73724	101309381
Peak_76287	101309381
Peak_103972	104648439
Peak_87516	106547934
Peak_174291	106721674
Peak_76333	106721674
Peak_172721	106752584
Peak_47819	106753072
Peak_14811	106879422
Peak_47540	106971976
Peak_48677	107529692
Peak_24256	107530336
Peak_247107	107530336
Peak_99802	107555749
Peak_58880	109089276
Peak_28463	109099794
Peak_6272	109099794
Peak_86841	109099794
Peak_165390	109240090
Peak_35626	109240090
Peak_63211	109240090
Peak_20680	109532302
Peak_30141	109532302
Peak_74224	109532302
Peak_99020	109636356
Peak_20760	109643207
Peak_24559	109776865
Peak_85760	109792174
Peak_102258	109807483
Peak_197850	109821157
Peak_75131	109821157
Peak_100184	109823925
Peak_57301	109838857
Peak_116678	109864194
Peak_26180	109872080
Peak_23515	109877301
Peak_111008	109883350
Peak_58468	109883350
Peak_123882	109884167
Peak_228590	109884167
Peak_47153	109931153
Peak_33892	109954218
Peak_100309	110083941
Peak_130472	110083941
Peak_19036	110083941
Peak_48487	110083941
Peak_19608	110120945
Peak_37982	110120945
Peak_15864	110209936
Peak_84541	110209936
Peak_84944	110209936
Peak_150293	110312377
Peak_23739	110312377
Peak_37637	110555365
Peak_43583	110556195
Peak_50834	110556195
Peak_25729	110634390
Peak_27078	110634390
Peak_15463	111481514
Peak_167693	111481514
Peak_34304	111989531
Peak_64430	111989531
Peak_72369	111989531
Peak_114611	111990593
Peak_126909	111990593
Peak_197432	111990593
Peak_36226	111991438
Peak_48924	112011141
Peak_109617	112317200
Peak_194361	112317200
Peak_225485	112318784
Peak_33444	112358842
Peak_39572	112360010
Peak_12467	112390828
Peak_168546	112390828
Peak_32504	112394191
Peak_24101	112716329
Peak_32949	112718759
Peak_33025	112744244
Peak_42291	112957489
Peak_42901	112982905
Peak_15410	112997767
Peak_30959	112998739
Peak_79709	112998739
Peak_112483	113042099
Peak_67544	113042679
Peak_43238	113140592
Peak_85732	113140592
Peak_131892	114081419
Peak_50690	114081419
Peak_67247	114081419
Peak_67136	114218788
Peak_94020	114218788
Peak_100847	114219419
Peak_109524	114219419
Peak_81501	114310906
Peak_228213	114345944
Peak_24017	114345944
Peak_8420	114345944
Peak_32457	114353292
Peak_59693	114370012
Peak_41949	115090582
Peak_19686	115099333
Peak_50573	115099333
Peak_54230	115134947
Peak_16281	115138857
Peak_132803	115156803
Peak_226998	115156803
Peak_84501	115156803
Peak_90856	115156803
Peak_144605	115158188
Peak_59277	115190181
Peak_62478	115233513
Peak_42641	115251263
Peak_35145	115282862
Peak_201922	115363728
Peak_58735	115363728
Peak_60714	115363728
Peak_21325	115365749
Peak_27449	115454905
Peak_125874	115479225
Peak_27940	115595673
Peak_102088	115771656
Peak_18933	115771656
Peak_38856	115828152
Peak_70572	115828152
Peak_30738	115829354
Peak_114951	116151725
Peak_14988	116151725
Peak_167738	116168219
Peak_20519	116168219
Peak_72379	116365372
Peak_76519	116365372
Peak_16714	116418239
Peak_43428	116418239
Peak_67905	116853810
Peak_225150	116855253
Peak_74090	116855253
Peak_54974	116871774
Peak_47146	116878065
Peak_48489	116878065
Peak_79455	116878065
Peak_30644	116882166
Peak_147443	117051479
Peak_85702	117051479
Peak_66871	117268879
Peak_253432	117671882
Peak_31615	117671882
Peak_24493	117682312
Peak_103552	117686080
Peak_14746	117695823
Peak_44591	117695823
Peak_87527	117708956
Peak_50839	117739625
Peak_102051	117758529
Peak_103211	117758529
Peak_19874	117758529
Peak_81054	117758529
Peak_41685	117780719
Peak_67668	117780719
Peak_90532	117780719
Peak_100185	117815123
Peak_116258	117815123
Peak_114907	117821178
Peak_23082	117821748
Peak_84566	117826851
Peak_18968	117828111
Peak_62492	118564332
Peak_79190	119001580
Peak_102142	119008197
Peak_173173	119008197
Peak_71226	119008197
Peak_55995	119327122
Peak_9651	119327122
Peak_143984	119779918
Peak_68100	119779918
Peak_206487	119784145
Peak_93279	119784145
Peak_33630	119873618
Peak_116701	120069707
Peak_34820	120069707
Peak_10811	120354528
Peak_4888	120354528
Peak_14931	120414846
Peak_32212	120414846
Peak_18008	120558028
Peak_78525	120558028
Peak_9829	120558028
Peak_28176	120942158
Peak_48470	120942158
Peak_17613	121096995
Peak_197402	121096995
Peak_207694	121096995
Peak_21537	121096995
Peak_101407	121116666
Peak_60902	121116666
Peak_208436	121117134
Peak_36100	121117134
Peak_6609	121117134
Peak_13186	143884455
Peak_20699	143884455
Peak_204990	143903972
Peak_46505	143903972
Peak_5681	143903972
Peak_77902	143903972
Peak_45437	143905272
Peak_147437	144412075
Peak_14911	144412075
Peak_9606	144412075
Peak_15954	144523813
Peak_9848	144523813
Peak_10966	144546115
Peak_2752	144546115
Peak_15527	144551597
Peak_6826	144551597
Peak_71365	144551597
Peak_19142	144560191
Peak_33584	144560191
Peak_40482	144560191
Peak_12547	145280609
Peak_12715	145280609
Peak_78538	145280609
Peak_33893	145425092
Peak_52807	145425092
Peak_50840	145465700
Peak_81507	145465700
Peak_644	145979290
Peak_263782	145985315
Peak_48767	145985315
Peak_93091	145985823
Peak_19180	145999336
Peak_14447	146007185
Peak_41007	146035421
Peak_32774	146036920
Peak_20255	146037701
Peak_76477	146037701
Peak_94593	146037701
Peak_175265	146038870
Peak_39140	146038870
Peak_40851	146038870
Peak_13324	146051647
Peak_18465	146051647
Peak_85255	146051647
Peak_99051	146051647
Peak_57304	146229052
Peak_8070	146376333
Peak_17132	146376750
Peak_1611	146386961
Peak_4892	146386961
Peak_8868	146409467
Peak_9896	146409467
Peak_31413	146472463
Peak_26405	146486394
Peak_27098	146486394
Peak_62214	146486394
Peak_37809	147084677
Peak_48925	147084677
Peak_100872	147504774
Peak_61535	147504774
Peak_46507	147539125
Peak_21142	148038370
Peak_24918	148038370
Peak_29628	148038370
Peak_126540	148280477
Peak_265789	148280477
Peak_31278	148280477
Peak_34961	148280477
Peak_31631	148302695
Peak_34589	148302695
Peak_61335	148334628
Peak_85733	148334628
Peak_11534	148388222
Peak_21312	148388222
Peak_51123	148388222
Peak_24239	148402300
Peak_13823	148522116
Peak_37112	148522492
Peak_9810	148522492
Peak_13313	149162533
Peak_147953	149162533
Peak_3563	149162533
Peak_15710	149228490
Peak_142650	149229686
Peak_40020	149229686
Peak_35798	149390292
Peak_145491	149636269
Peak_23045	149636269
Peak_7425	149636269
Peak_57307	149646478
Peak_87542	149646478
Peak_33026	150061613
Peak_40595	150168953
Peak_4021	150213496
Peak_51643	150213496
Peak_23977	150255777
Peak_79056	150255777
Peak_33633	150281363
Peak_1530	150515109
Peak_230721	150515109
Peak_30602	150532201
Peak_38460	150532201
Peak_49239	150538081
Peak_1565	150560978
Peak_16272	150560978
Peak_9189	150560978
Peak_35700	150567733
Peak_10482	150568116
Peak_148143	150979389
Peak_61250	150979389
Peak_268352	151131094
Peak_7299	151131094
Peak_75050	151196379
Peak_209017	151473236
Peak_41375	151473236
Peak_54979	151473236
Peak_18691	151539593
Peak_64342	151832577
Peak_129316	151941154
Peak_47914	151941154
Peak_39835	151945792
Peak_27461	151972749
Peak_102213	152000988
Peak_46365	152001592
Peak_90366	152167857
Peak_224480	152168559
Peak_58936	152168559
Peak_83516	152188671
Peak_94795	152188671
Peak_100950	152189168
Peak_43948	152442766
Peak_28406	152448156
Peak_166981	153490270
Peak_31276	153490270
Peak_59208	153490270
Peak_10350	153506755
Peak_54297	153510974
Peak_57310	153525401
Peak_12667	153533150
Peak_53692	153533807
Peak_102256	153568396
Peak_43460	153568396
Peak_16594	153572529
Peak_109750	153697208
Peak_123624	153697208
Peak_45841	153697208
Peak_67559	153697208
Peak_16429	153783244
Peak_8338	153783244
Peak_10324	153790119
Peak_61885	153790119
Peak_6891	153790119
Peak_70031	153790119
Peak_26441	153986762
Peak_71714	154325379
Peak_103919	154352713
Peak_51859	154353026
Peak_57267	154353026
Peak_111427	154943805
Peak_13931	155000705
Peak_20119	155000705
Peak_22816	155001653
Peak_2965	155001653
Peak_72316	155001653
Peak_94051	155062800
Peak_265730	155091495
Peak_50169	155091495
Peak_41070	155094019
Peak_114140	155126180
Peak_125730	155126180
Peak_27908	155126180
Peak_24528	155166805
Peak_40761	155166805
Peak_56484	155166805
Peak_73661	155166805
Peak_13195	155192990
Peak_143454	155192990
Peak_98822	155192990
Peak_13681	155194333
Peak_49402	155194333
Peak_46777	155227006
Peak_52245	155227365
Peak_694	155227365
Peak_29443	155648380
Peak_3593	155745332
Peak_64634	155745332
Peak_37668	156140692
Peak_60997	156140692
Peak_98230	156140692
Peak_49688	156146012
Peak_56745	156146724
Peak_48930	156445846
Peak_1460	156456463
Peak_30837	156456463
Peak_4564	156456463
Peak_50285	156456463
Peak_18350	156502840
Peak_45524	156504987
Peak_9441	156504987
Peak_32791	156508432
Peak_7317	156510640
Peak_29957	156608124
Peak_152167	156615095
Peak_64143	156615095
Peak_38589	156616327
Peak_115376	156659983
Peak_14552	156659983
Peak_58848	156664887
Peak_198253	156667439
Peak_48168	156667439
Peak_73736	156677931
Peak_19891	156689392
Peak_83846	156689392
Peak_27811	156706674
Peak_19379	156709798
Peak_21767	156892141
Peak_2695	157045469
Peak_209035	157074082
Peak_62497	157074082
Peak_40751	157090186
Peak_75367	157090186
Peak_111168	157155647
Peak_125624	157155647
Peak_207617	157155647
Peak_57279	157310242
Peak_68063	157310242
Peak_85136	157310242
Peak_132489	157311848
Peak_233552	157311848
Peak_93785	157311848
Peak_45577	157965999
Peak_104424	157984533
Peak_40397	157992017
Peak_51725	157992017
Peak_175890	158113392
Peak_58409	158113392
Peak_29483	158117853
Peak_68442	158117853
Peak_171026	158149653
Peak_4865	158149653
Peak_15185	158177607
Peak_231614	158177607
Peak_92905	158177607
Peak_150429	158998564
Peak_58266	158998564
Peak_93898	158998564
Peak_18339	159161056
Peak_20312	159161056
Peak_151061	159960745
Peak_79003	159960745
Peak_47165	159989607
Peak_19775	160101038
Peak_71099	160102288
Peak_73964	160189744
Peak_32505	160375432
Peak_46280	160376569
Peak_28484	161382179
Peak_49255	161382179
Peak_123963	161389633
Peak_3154	161389633
Peak_4026	161389633
Peak_50815	161389633
Peak_110355	161399065
Peak_11922	161399065
Peak_12123	161399065
Peak_26034	161399065
Peak_76528	161421981
Peak_16875	161530297
Peak_25968	161530297
Peak_35908	161530297
Peak_23762	161612069
Peak_19496	161765249
Peak_195349	161972942
Peak_142948	161973801
Peak_34396	161973801
Peak_42010	162033533
Peak_32906	162056007
Peak_153614	162062482
Peak_54984	162062482
Peak_20710	162541379
Peak_224935	162541379
Peak_21179	162548167
Peak_179089	162613471
Peak_32571	162613471
Peak_102778	162626201
Peak_225583	162626201
Peak_90932	162631037
Peak_132884	162822372
Peak_50846	163104576
Peak_76534	163381609
Peak_67985	163406799
Peak_28576	163436229
Peak_26413	163440048
Peak_109501	163538757
Peak_42979	163538757
Peak_87559	163673836
Peak_81520	163875568
Peak_11497	164295814
Peak_78951	164295814
Peak_84086	164320914
Peak_31515	164321245
Peak_59704	164369775
Peak_50847	164440290
Peak_68690	164928255
Peak_67488	164929045
Peak_11350	164949703
Peak_15735	164949703
Peak_18859	164949703
Peak_44876	164949703
Peak_9857	164949703
Peak_43799	164982897
Peak_32704	165063205
Peak_46958	165063205
Peak_47918	165063205
Peak_85831	165073480
Peak_43435	165364747
Peak_17871	165375998
Peak_35565	165375998
Peak_7694	165375998
Peak_17699	165383137
Peak_128570	165392684
Peak_31313	165392684
Peak_112103	165597952
Peak_2069	165597952
Peak_232631	166884355
Peak_34311	166884355
Peak_30558	167044111
Peak_65434	167600153
Peak_68758	167600153
Peak_116766	167617446
Peak_254305	167617446
Peak_3952	167714234
Peak_9700	167714234
Peak_207718	167714898
Peak_56001	167714898
Peak_25874	167715462
Peak_15615	167796954
Peak_44096	168149029
Peak_22905	168320704
Peak_42325	168320704
Peak_87128	168320704
Peak_18511	168342360
Peak_94455	168342360
Peak_114571	168371617
Peak_64129	168391814
Peak_52231	168392138
Peak_19223	168428035
Peak_109287	168439434
Peak_29935	168439434
Peak_45979	168469615
Peak_70025	168481704
Peak_42917	168485127
Peak_44414	168488124
Peak_12779	168498181
Peak_62370	168513855
Peak_50168	168609206
Peak_56358	168609206
Peak_59569	168613738
Peak_23239	168636659
Peak_35785	168688663
Peak_38582	168688663
Peak_101785	168690035
Peak_87351	168690035
Peak_93226	168690035
Peak_48932	168767896
Peak_52815	168774197
Peak_27404	168783887
Peak_153638	168880041
Peak_54985	168880041
Peak_127308	168893260
Peak_26951	168893260
Peak_112241	168920694
Peak_250137	168920694
Peak_86189	168920694
Peak_24789	169511377
Peak_30823	169511377
Peak_81528	170221053
Peak_48556	170563074
Peak_27628	170929663
Peak_55509	170929663
Peak_71848	170929663
Peak_76538	171081451
Peak_21940	171141494
Peak_42354	171141494
Peak_42625	171141494
Peak_52361	171141494
Peak_43814	171655277
Peak_54582	171663384
Peak_41280	171666462
Peak_132916	171674752
Peak_62502	171674752
Peak_206131	172746167
Peak_31035	172746167
Peak_28411	172826063
Peak_43969	172826063
Peak_20331	172933766
Peak_44750	172933766
Peak_19467	173122912
Peak_46787	173122912
Peak_44957	173429522
Peak_20808	173429829
Peak_57886	173431271
Peak_36763	173451981
Peak_71147	174022815
Peak_10826	175029602
Peak_83344	175150732
Peak_109321	175200701
Peak_129565	175200701
Peak_145233	175200701
Peak_179152	175249695
Peak_45583	175249695
Peak_29685	175267651
Peak_35952	175267651
Peak_31411	176846867
Peak_20347	177341727
Peak_13610	178037525
Peak_64357	178037525
Peak_116343	178057962
Peak_61160	178057962
Peak_98418	178486718
Peak_132934	178593587
Peak_132935	178593587
Peak_179175	178593587
Peak_10231	178931892
Peak_22987	178931892
Peak_53319	178931892
Peak_19921	178933009
Peak_27707	178933009
Peak_12719	178938632
Peak_7931	178938632
Peak_92610	178938632
Peak_62177	178946038
Peak_42465	178952950
Peak_101941	179002499
Peak_111892	179002499
Peak_45897	179002499
Peak_70414	179002499
Peak_40437	179017124
Peak_114552	179586169
Peak_40491	179586169
Peak_56167	179586169
Peak_50849	179709818
Peak_75113	180229222
Peak_25072	180953889
Peak_29051	180953889
Peak_84289	181073767
Peak_47578	181094949
Peak_54396	181096261
Peak_26625	181104585
Peak_3629	181104585
Peak_79702	181104585
Peak_43611	181112422
Peak_194948	181134876
Peak_50814	181134876
Peak_17486	181142337
Peak_6129	181152893
Peak_24705	181166422
Peak_56645	181180021
Peak_251365	181189931
Peak_43861	181189931
Peak_68542	181386447
Peak_4474	182029316
Peak_7210	182029316
Peak_42205	182143251
Peak_16291	182143888
Peak_19189	182143888
Peak_103629	182197293
Peak_44022	182197293
Peak_45852	182206897
Peak_102259	182279758
Peak_112718	182279758
Peak_9588	182289923
Peak_48602	182348958
Peak_74032	182350912
Peak_50431	182351822
Peak_51673	182396780
Peak_18089	182614776
Peak_28560	182614776
Peak_152540	182616164
Peak_73735	182616164
Peak_16510	182962536
Peak_64597	183147726
Peak_224936	183148598
Peak_70252	183148598
Peak_64720	183180319
Peak_71488	183180856
Peak_35649	183470137
Peak_21569	183598345
Peak_25778	183609271
Peak_31736	184075082
Peak_34208	184075082
Peak_41380	184191288
Peak_11690	184283937
Peak_40062	184296604
Peak_110742	184330324
Peak_30734	184330324
Peak_173465	184366968
Peak_49253	184366968
Peak_98673	184366968
Peak_25258	184629827
Peak_75290	184629827
Peak_54508	184632805
Peak_62049	184632805
Peak_101756	184663455
Peak_32531	184663455
Peak_79321	184663455
Peak_87576	185646353
Peak_35972	186626875
Peak_110150	189962285
Peak_20836	191369067
Peak_52382	191369067
Peak_123625	191371450
Peak_20500	191371450
Peak_69642	191712077
Peak_68243	191712481
Peak_104494	191823420
Peak_68763	191823420
Peak_131517	192476725
Peak_92207	192476725
Peak_11555	192485734
Peak_17178	192489767
Peak_90352	192530325
Peak_9466	192531073
Peak_76549	192539843
Peak_104496	192559504
Peak_29449	192580465
Peak_87077	192592677
Peak_32332	192593211
Peak_132976	192609190
Peak_143319	192722264
Peak_26961	192722264
Peak_60568	192722264
Peak_29642	192788100
Peak_109459	192817020
Peak_99769	192817020
Peak_24840	192878139
Peak_36396	192890037
Peak_40685	192890037
Peak_15374	192907602
Peak_151572	192913782
Peak_178614	192913782
Peak_60684	192920488
Peak_32839	192951970
Peak_70631	193111673
Peak_26711	193115661
Peak_87583	193341846
Peak_110103	193408776
Peak_178405	193408776
Peak_39275	193418503
Peak_28334	194069408
Peak_2017	197200839
Peak_73625	197200839
Peak_71698	197201942
Peak_22608	198937211
Peak_52820	200184234
Peak_115258	200302178
Peak_115727	200302178
Peak_47432	200302178
Peak_65445	200317331
Peak_26221	200415978
Peak_65446	200473935
Peak_87587	200473935
Peak_89989	200621215
Peak_17742	201435585
Peak_17837	201448015
Peak_94448	201449003
Peak_204629	201450669
Peak_25078	201450669
Peak_17116	201456662
Peak_263844	201456662
Peak_11374	201460992
Peak_12902	201461691
Peak_207959	201461691
Peak_25057	201480507
Peak_71893	201480507
Peak_130705	201481720
Peak_21740	201481720
Peak_227888	201481720
Peak_7915	201481720
Peak_35486	201512100
Peak_199840	201512780
Peak_21485	201512780
Peak_14362	201530805
Peak_37276	201535083
Peak_57216	201535778
Peak_17231	201538748
Peak_86612	201538748
Peak_124255	201552853
Peak_27312	201559511
Peak_70619	201559511
Peak_55916	201562713
Peak_43505	201565362
Peak_39199	201584458
Peak_18222	201593324
Peak_33281	201602924
Peak_80153	201895333
Peak_14198	201895747
Peak_172695	201895747
Peak_263563	201947159
Peak_64815	201947159
Peak_104514	201972213
Peak_36764	201972603
Peak_81549	202085227
Peak_75469	202810516
Peak_7800	202810516
Peak_84429	202858382
Peak_178299	202861505
Peak_7128	202861505
Peak_83364	202861505
Peak_68409	203200108
Peak_29230	203274986
Peak_4863	203278287
Peak_50823	203290416
Peak_7495	203290416
Peak_123541	203316617
Peak_126203	203316617
Peak_26430	203327120
Peak_33538	203327120
Peak_7449	203327120
Peak_28545	203368906
Peak_42520	203374033
Peak_265124	203379943
Peak_52374	203379943
Peak_100428	203402615
Peak_42986	203405693
Peak_37116	203406603
Peak_11704	203408406
Peak_75638	203408406
Peak_16324	203440817
Peak_76179	203444152
Peak_92189	203447621
Peak_59574	203448619
Peak_48378	203452023
Peak_226282	203463465
Peak_61216	203463465
Peak_75112	203463465
Peak_8471	203464981
Peak_23214	203465932
Peak_102519	203512848
Peak_16744	203512848
Peak_66888	203514013
Peak_109580	203534010
Peak_251156	203534368
Peak_8373	203534368
Peak_230541	203544373
Peak_63645	203544373
Peak_80951	203544373
Peak_18282	203556030
Peak_35561	203556030
Peak_32485	203557483
Peak_20258	203558371
Peak_51593	203591879
Peak_71755	203591879
Peak_222156	203597538
Peak_60443	203597538
Peak_93084	203597538
Peak_60420	203601130
Peak_73767	203609363
Peak_37961	203744120
Peak_48934	203871153
Peak_209291	203996828
Peak_57316	203996828
Peak_94106	204041194
Peak_57087	204041904
Peak_24580	204128931
Peak_94805	204128931
Peak_124820	204129667
Peak_129047	204417142
Peak_20339	204417142
Peak_33540	204506127
Peak_42934	204506127
Peak_52556	204506127
Peak_18280	204506815
Peak_67170	204506815
Peak_34167	204697949
Peak_47854	204703190
Peak_79322	204703190
Peak_52822	204763729
Peak_115765	204814242
Peak_51636	204814242
Peak_43620	204819064
Peak_195283	204821466
Peak_71784	204821466
Peak_81032	204821466
Peak_116868	205141461
Peak_235360	205141461
Peak_47169	205141461
Peak_205378	205284669
Peak_23262	205284669
Peak_196628	205285553
Peak_91940	205294406
Peak_53413	205301406
Peak_68765	205376286
Peak_234871	205543327
Peak_29486	205543327
Peak_53741	205543327
Peak_81552	205648431
Peak_37812	205783609
Peak_81554	205783609
Peak_50239	206501144
Peak_29373	206634346
Peak_29959	206871915
Peak_68766	206871915
Peak_35522	207797400
Peak_15097	207805844
Peak_24058	207811938
Peak_50522	207816715
Peak_8559	207822652
Peak_14509	207823747
Peak_27907	207825718
Peak_21113	207828618
Peak_81025	207831547
Peak_60180	207838496
Peak_67437	207848312
Peak_11051	207866574
Peak_42992	207866574
Peak_46283	207867361
Peak_59210	207868250
Peak_17350	207868720
Peak_57766	207868720
Peak_91725	207918603
Peak_49659	207919835
Peak_57976	207925189
Peak_79281	207925189
Peak_48935	207941765
Peak_13645	207959111
Peak_55585	207962824
Peak_8090	207962824
Peak_84374	207962824
Peak_195959	208245077
Peak_39375	208245077
Peak_116876	208269336
Peak_153824	208988764
Peak_52823	208988764
Peak_142224	209207481
Peak_20634	209207481
Peak_209306	209266538
Peak_68768	209266538
Peak_68769	209266538
Peak_72401	209266538
Peak_199851	209349689
Peak_49480	209349689
Peak_45587	209369220
Peak_209308	209742508
Peak_250247	209742508
Peak_20892	209747552
Peak_70253	210223139
Peak_61988	210232162
Peak_27796	210251112
Peak_85288	210251112
Peak_34293	210258075
Peak_100857	210262122
Peak_101023	210262122
Peak_70052	210262122
Peak_29924	210292339
Peak_123399	210293005
Peak_49342	210293005
Peak_56657	210295069
Peak_152543	210302518
Peak_25649	210311196
Peak_152755	210312023
Peak_231348	210312023
Peak_28363	211382600
Peak_6697	211382600
Peak_44752	211416253
Peak_49802	211416253
Peak_83696	211416253
Peak_34507	211469954
Peak_30915	211501747
Peak_83973	211501747
Peak_33270	211514027
Peak_27638	211515366
Peak_12357	211613366
Peak_44633	211616670
Peak_43724	211633016
Peak_8446	212234589
Peak_10845	212469989
Peak_125575	212476988
Peak_27172	212476988
Peak_233866	212488612
Peak_36500	212488612
Peak_178808	212514266
Peak_250946	212514266
Peak_80411	212514871
Peak_28620	212545929
Peak_22348	212558286
Peak_9742	212558286
Peak_35013	212636582
Peak_37409	212638735
Peak_12307	212665301
Peak_15095	212665301
Peak_26522	212700367
Peak_60635	212700367
Peak_87003	212700367
Peak_46689	212924782
Peak_64726	212924782
Peak_133044	213457169
Peak_72404	213457169
Peak_66600	213725148
Peak_112112	214224649
Peak_53371	214224649
Peak_68597	214337629
Peak_91312	214337629
Peak_48811	214338287
Peak_153854	215539617
Peak_35309	215539617
Peak_48608	215539617
Peak_56570	215544655
Peak_101340	217331553
Peak_80154	217331553
Peak_172853	218164140
Peak_46878	218164140
Peak_48678	218164140
Peak_56287	218164140
Peak_94856	218165379
Peak_201880	218460001
Peak_27074	218460001
Peak_40941	218460001
Peak_33993	218479838
Peak_78002	218479838
Peak_93195	218498675
Peak_56933	218499032
Peak_30990	218665272
Peak_64753	218891643
Peak_71639	218891643
Peak_228550	219298576
Peak_44954	219298576
Peak_112773	219660910
Peak_41538	219660910
Peak_132444	220300454
Peak_21765	220300454
Peak_250708	220527305
Peak_62393	220527305
Peak_67094	220732782
Peak_25794	220733044
Peak_59401	220828983
Peak_17780	220843429
Peak_18647	220887447
Peak_198611	220894007
Peak_27741	220894007
Peak_70254	220928976
Peak_37596	220991954
Peak_51777	220991954
Peak_22671	221029976
Peak_91229	221029976
Peak_28806	221032816
Peak_44432	221203474
Peak_48291	221203474
Peak_52480	221203474
Peak_115951	221227900
Peak_44444	221230575
Peak_196204	221315377
Peak_246706	221315377
Peak_33977	221335250
Peak_66855	221335250
Peak_71137	221335250
Peak_116905	221419441
Peak_179431	221419441
Peak_55565	221435489
Peak_223776	221440327
Peak_27977	221440327
Peak_34488	221440327
Peak_133078	221448367
Peak_42696	221448367
Peak_50758	221458117
Peak_54611	221458117
Peak_16766	221612463
Peak_28791	221845831
Peak_47722	221845831
Peak_111010	221886754
Peak_17173	221887106
Peak_14879	222043499
Peak_36709	222043499
Peak_45286	222043499
Peak_18255	222454732
Peak_36331	222454732
Peak_10952	222465214
Peak_10147	222757505
Peak_10990	222757505
Peak_28256	222768550
Peak_39410	222768550
Peak_174466	222814341
Peak_35356	222814341
Peak_75209	222814341
Peak_9312	222814341
Peak_37813	222829983
Peak_20267	223031532
Peak_76567	223031532
Peak_131545	223051933
Peak_58335	223074505
Peak_18610	223081233
Peak_53516	223081233
Peak_22404	223084357
Peak_21929	223090121
Peak_206816	223180861
Peak_13784	223429268
Peak_101845	223430199
Peak_55368	223698320
Peak_1457	223992300
Peak_76300	224203269
Peak_102216	224204740
Peak_57951	224204740
Peak_129491	224205467
Peak_22678	224223319
Peak_70391	224223319
Peak_71113	224223319
Peak_116916	224873602
Peak_95022	224873602
Peak_29032	225444896
Peak_2260	225447358
Peak_55476	225447358
Peak_36363	225453971
Peak_67641	225460103
Peak_68211	225460103
Peak_40869	225461516
Peak_18372	225474805
Peak_22433	225474805
Peak_59240	225474805
Peak_23546	225484075
Peak_57065	225484075
Peak_39941	225655511
Peak_12204	225661962
Peak_141945	225661962
Peak_47499	225735628
Peak_25773	225745160
Peak_14348	225746666
Peak_51176	225746666
Peak_73615	225763771
Peak_29231	225766919
Peak_29192	225772321
Peak_58025	225976004
Peak_199518	226002236
Peak_200385	226002236
Peak_27636	226034332
Peak_11495	226082920
Peak_32483	226082920
Peak_38151	226082920
Peak_39940	226082920
Peak_19807	226109553
Peak_23920	226109553
Peak_59061	226109553
Peak_65225	226109553
Peak_9526	226109553
Peak_19847	226121378
Peak_42289	226121378
Peak_52003	226121378
Peak_41638	226134842
Peak_41983	226134842
Peak_94084	226134842
Peak_85365	226353126
Peak_34172	226547768
Peak_33210	226626283
Peak_76326	226626283
Peak_23378	226778473
Peak_28996	226784118
Peak_56634	226784118
Peak_19164	226799886
Peak_28873	226814726
Peak_35080	226814726
Peak_52366	226814726
Peak_1916	226821233
Peak_75286	226821233
Peak_12650	226827333
Peak_177079	226827333
Peak_13636	226827929
Peak_91262	226989210
Peak_205724	227431767
Peak_58469	227431767
Peak_116365	227541751
Peak_14793	227541751
Peak_36417	227541751
Peak_16965	227787517
Peak_20007	227787915
Peak_7080	227787915
Peak_48429	227794479
Peak_11274	227886982
Peak_16062	227886982
Peak_44361	227886982
Peak_60971	227895799
Peak_22562	228149399
Peak_153913	228500992
Peak_32213	228500992
Peak_59715	228500992
Peak_133110	228717343
Peak_78748	228795672
Peak_21711	228798488
Peak_52532	228802461
Peak_65402	228838256
Peak_66141	228838256
Peak_114497	228900021
Peak_205745	228900021
Peak_75425	228900021
Peak_149955	228902884
Peak_23402	228902884
Peak_86148	228902884
Peak_67944	228903793
Peak_73459	228937924
Peak_57320	228964218
Peak_35398	228989960
Peak_36077	228989960
Peak_202332	229003447
Peak_56716	229003447
Peak_63289	229024740
Peak_92690	229058730
Peak_153280	229059652
Peak_73704	229059652
Peak_62438	229062123
Peak_17337	229070159
Peak_58967	229108999
Peak_56129	229109507
Peak_58232	229115004
Peak_11210	229115921
Peak_207279	229115921
Peak_133114	229200041
Peak_246561	229204921
Peak_28167	229204921
Peak_72268	229204921
Peak_29951	229229720
Peak_33027	229411104
Peak_86793	229508927
Peak_22836	229563765
Peak_48940	229579125
Peak_60319	229579125
Peak_22207	229694041
Peak_45588	229699723
Peak_27800	229887465
Peak_235430	230806812
Peak_25701	230806812
Peak_235431	230808009
Peak_63805	230825085
Peak_44985	230878578
Peak_38545	231357851
Peak_66648	231357851
Peak_131828	232142361
Peak_16625	232142361
Peak_20581	232142361
Peak_68780	232247785
Peak_35189	232287731
Peak_70573	232287731
Peak_70699	232287731
Peak_51778	232291316
Peak_151904	232306261
Peak_46760	232306261
Peak_53132	232575052
Peak_59595	232575052
Peak_101242	232575566
Peak_46543	232620304
Peak_54934	232620304
Peak_2352	232629819
Peak_27448	232629819
Peak_33994	232629819
Peak_37093	232629819
Peak_43758	232675371
Peak_72415	232683685
Peak_49693	232693122
Peak_21425	232704460
Peak_233867	232704460
Peak_16240	232767303
Peak_33875	232767303
Peak_58713	234486713
Peak_13496	234498895
Peak_86619	234498895
Peak_43072	234499771
Peak_15211	234523533
Peak_35714	234531696
Peak_30405	234533086
Peak_37488	234533086
Peak_31169	234533956
Peak_17345	234535784
Peak_20820	234543417
Peak_104113	234543982
Peak_131427	234543982
Peak_28482	234543982
Peak_6945	234543982
Peak_19205	234554818
Peak_19317	234585660
Peak_48574	234589906
Peak_4650	234599523
Peak_64888	234599523
Peak_14989	234610098
Peak_19107	234610645
Peak_3142	234610645
Peak_33563	234610645
Peak_39768	234612670
Peak_22908	234676085
Peak_81566	234676085
Peak_22838	234684226
Peak_55630	234700217
Peak_63857	234701888
Peak_31850	234702191
Peak_28761	234716321
Peak_33319	234716817
Peak_45173	234723347
Peak_25620	234723673
Peak_19664	234724011
Peak_3862	234724011
Peak_116947	234743847
Peak_39431	234772466
Peak_246340	234800994
Peak_35550	234800994
Peak_143391	234809381
Peak_150848	234809381
Peak_53460	234809381
Peak_2953	234816177
Peak_18426	234816912
Peak_113027	234856763
Peak_79591	234856763
Peak_24463	234862928
Peak_35540	234862928
Peak_94452	234866431
Peak_81417	234867518
Peak_25670	234886387
Peak_37073	234886387
Peak_31600	234887052
Peak_21946	234915949
Peak_32686	234919207
Peak_40657	234919207
Peak_39829	234925824
Peak_81073	234955225
Peak_86533	234961850
Peak_66524	234962589
Peak_32362	234969859
Peak_20101	234970403
Peak_31524	234970403
Peak_103114	234973948
Peak_51188	234978985
Peak_23144	234980581
Peak_32829	234980581
Peak_22362	234987372
Peak_48323	234987372
Peak_49351	234987372
Peak_76369	234987372
Peak_4860	234997188
Peak_52105	234998202
Peak_10913	235047704
Peak_29874	235067474
Peak_115632	235069654
Peak_148650	235069654
Peak_100435	235074518
Peak_227236	235074518
Peak_54577	235074518
Peak_70144	235074518
Peak_11662	235083060
Peak_40322	235083060
Peak_41938	235093259
Peak_30253	235093853
Peak_15656	235104054
Peak_37814	235903122
Peak_59716	235908679
Peak_68783	235910719
Peak_41340	235917442
Peak_46314	235917442
Peak_109985	235942447
Peak_11439	235971528
Peak_85121	235971528
Peak_47527	235972394
Peak_14329	236066891
Peak_10982	236067889
Peak_179507	236343324
Peak_209417	236343324
Peak_72418	236503220
Peak_81570	236952387
Peak_39334	236997901
Peak_33350	237012684
Peak_66845	237012684
Peak_32214	238738666
Peak_68784	238738666
Peak_22967	240667384
Peak_173517	240691684
Peak_35108	240691684
Peak_75398	240691684
Peak_104589	241423866
Peak_81575	241423866
Peak_51118	243917297
Peak_94744	243917297
Peak_31087	244047680
Peak_42565	244047680
Peak_512	244047680
Peak_26779	244214147
Peak_49245	244272749
Peak_35890	244273083
Peak_130958	244273867
Peak_176235	244273867
Peak_20297	244273867
Peak_247836	244299208
Peak_33787	244299208
Peak_80555	244348913
Peak_207297	244730483
Peak_34334	244730483
Peak_72102	244730483
Peak_45022	244834420
Peak_153214	244964251
Peak_50444	244964251
Peak_113529	245153928
Peak_249983	245153928
Peak_37815	246689577
Peak_72426	246689577
Peak_222188	246698882
Peak_28419	246698882
Peak_25557	246769286
Peak_150110	246788814
Peak_98780	246788814
Peak_14816	247111248
Peak_37216	247111248
Peak_50412	247111248
Peak_2488	247210370
Peak_31743	247210370
Peak_48945	247361094
Peak_116986	247371110
Peak_83474	247371110
Peak_15880	247639333
Peak_67846	247639333
Peak_12777	248863218
Peak_34628	248872939
Peak_72137	248872939
Peak_17884	248873489
Peak_3166	248873489
