ENSG00000273547.1	686654	91685
ENSG00000273547.1	686654	91685
ENSG00000273547.1	686654	91685
ENSG00000187634.10	924879	107583
ENSG00000187634.10	924879	107583
ENSG00000187634.10	924879	107583
ENSG00000187634.10	924879	106234
ENSG00000187634.10	924879	106234
ENSG00000187634.10	924879	97965
ENSG00000187634.10	924879	97965
ENSG00000187634.10	924879	97965
ENSG00000187634.10	924879	66206
ENSG00000187634.10	924879	20614
ENSG00000187634.10	924879	20614
ENSG00000187634.10	924879	14234
ENSG00000187634.10	924879	14234
ENSG00000187634.10	924879	3768
ENSG00000187634.10	924879	1200
ENSG00000187642.9	982093	1964
ENSG00000187642.9	982093	1964
ENSG00000237330.2	1074307	14786
ENSG00000237330.2	1074307	5145
ENSG00000237330.2	1074307	5145
ENSG00000237330.2	1074307	5145
ENSG00000237330.2	1074307	5145
ENSG00000131591.17	1116361	5727
ENSG00000162571.13	1173883	16503
ENSG00000162571.13	1173883	16503
ENSG00000162571.13	1173883	16503
ENSG00000162571.13	1173883	16503
ENSG00000186891.13	1206691	1382
ENSG00000186891.13	1206691	1382
ENSG00000184163.3	1246722	505
ENSG00000162576.16	1361777	282
ENSG00000205116.3	1426127	4126
ENSG00000205116.3	1426127	4126
ENSG00000205116.3	1426127	4126
ENSG00000179403.11	1434860	1578
ENSG00000179403.11	1434860	529
ENSG00000197785.13	1512150	7462
ENSG00000197785.13	1512150	7462
ENSG00000197785.13	1512150	6802
ENSG00000197785.13	1512150	6802
ENSG00000189409.12	1632094	1103
ENSG00000189409.12	1632094	1103
ENSG00000008130.15	1780457	1658
ENSG00000008130.15	1780457	1658
ENSG00000008130.15	1780457	1658
ENSG00000169885.9	1914826	8563
ENSG00000169885.9	1914826	6393
ENSG00000169885.9	1914826	6393
ENSG00000169885.9	1914826	6393
ENSG00000169885.9	1914826	6393
ENSG00000162585.16	2212720	1229
ENSG00000162585.16	2212720	1229
ENSG00000157933.9	2228694	1228
ENSG00000116151.13	2391707	80184
ENSG00000116151.13	2391707	77334
ENSG00000116151.13	2391707	76802
ENSG00000116151.13	2391707	76802
ENSG00000157873.17	2555638	9696
ENSG00000157873.17	2555638	9696
ENSG00000157873.17	2555638	8761
ENSG00000157873.17	2555638	7540
ENSG00000157873.17	2555638	6936
ENSG00000157870.14	2586490	8382
ENSG00000157870.14	2586490	8382
ENSG00000157870.14	2586490	1182
ENSG00000157870.14	2586490	1182
ENSG00000169717.6	3021482	52886
ENSG00000130762.14	3454425	12954
ENSG00000162591.15	3611495	67
ENSG00000158109.14	3625001	5933
ENSG00000158109.14	3625001	5933
ENSG00000162592.8	3752397	5324
ENSG00000198912.10	3900293	48068
ENSG00000196581.10	4654731	2084
ENSG00000196581.10	4654731	2084
ENSG00000196581.10	4654731	146808
ENSG00000196581.10	4654731	315491
ENSG00000196581.10	4654731	315491
ENSG00000196581.10	4654731	315491
ENSG00000007923.15	6701924	41281
ENSG00000007923.15	6701924	41281
ENSG00000007923.15	6701924	41281
ENSG00000171735.18	6785323	14575
ENSG00000049246.14	7784319	896
ENSG00000116285.12	8026308	14204
ENSG00000116285.12	8026308	17427
ENSG00000116285.12	8026308	20926
ENSG00000116285.12	8026308	34954
ENSG00000116285.12	8026308	37365
ENSG00000116285.12	8026308	37365
ENSG00000116285.12	8026308	50787
ENSG00000116285.12	8026308	51862
ENSG00000116285.12	8026308	56808
ENSG00000116285.12	8026308	90694
ENSG00000116285.12	8026308	94777
ENSG00000116285.12	8026308	94777
ENSG00000116285.12	8026308	106922
ENSG00000116285.12	8026308	107357
ENSG00000116285.12	8026308	107357
ENSG00000116285.12	8026308	128450
ENSG00000116285.12	8026308	143158
ENSG00000116285.12	8026308	143158
ENSG00000116285.12	8026308	143158
ENSG00000116285.12	8026308	143158
ENSG00000162426.14	8317825	143427
ENSG00000162426.14	8317825	127902
ENSG00000162426.14	8317825	120029
ENSG00000162426.14	8317825	115688
ENSG00000162426.14	8317825	115688
ENSG00000162426.14	8317825	113318
ENSG00000162426.14	8317825	100815
ENSG00000162426.14	8317825	100815
ENSG00000162426.14	8317825	78794
ENSG00000162426.14	8317825	78178
ENSG00000162426.14	8317825	66102
ENSG00000162426.14	8317825	58507
ENSG00000162426.14	8317825	58507
ENSG00000162426.14	8317825	3496
ENSG00000162426.14	8317825	31007
ENSG00000162426.14	8317825	31007
ENSG00000142599.17	8817643	5134
ENSG00000074800.13	8879249	30580
ENSG00000074800.13	8879249	10217
ENSG00000074800.13	8879249	10753
ENSG00000074800.13	8879249	10753
ENSG00000074800.13	8879249	24710
ENSG00000131686.14	8945866	27749
ENSG00000197241.3	9026345	40186
ENSG00000197241.3	9026345	5337
ENSG00000180758.11	9129170	292
ENSG00000180758.11	9129170	20719
ENSG00000180758.11	9129170	21551
ENSG00000180758.11	9129170	21551
ENSG00000180758.11	9129170	21551
ENSG00000180758.11	9129170	52166
ENSG00000180758.11	9129170	52166
ENSG00000180758.11	9129170	52769
ENSG00000180758.11	9129170	52769
ENSG00000049239.12	9234774	38457
ENSG00000049239.12	9234774	38457
ENSG00000049239.12	9234774	38457
ENSG00000049239.12	9234774	33427
ENSG00000049239.12	9234774	33427
ENSG00000049239.12	9234774	1447
ENSG00000171621.13	9292879	12448
ENSG00000171621.13	9292879	12448
ENSG00000171621.13	9292879	11059
ENSG00000171621.13	9292879	78501
ENSG00000171621.13	9292879	78501
ENSG00000171621.13	9292879	83062
ENSG00000171621.13	9292879	83594
ENSG00000171621.13	9292879	83594
ENSG00000171621.13	9292879	83594
ENSG00000171621.13	9292879	91567
ENSG00000171621.13	9292879	91851
ENSG00000171621.13	9292879	95983
ENSG00000171621.13	9292879	119861
ENSG00000171621.13	9292879	119861
ENSG00000171621.13	9292879	120704
ENSG00000171621.13	9292879	120704
ENSG00000171621.13	9292879	120704
ENSG00000171612.6	9539481	110911
ENSG00000171612.6	9539481	100901
ENSG00000171612.6	9539481	97902
ENSG00000171612.6	9539481	97902
ENSG00000171612.6	9539481	72397
ENSG00000171612.6	9539481	66629
ENSG00000171612.6	9539481	66629
ENSG00000171612.6	9539481	44464
ENSG00000171612.6	9539481	6664
ENSG00000171608.15	9651731	24724
ENSG00000171608.15	9651731	24724
ENSG00000171603.16	9824526	913
ENSG00000171603.16	9824526	913
ENSG00000280113.1	9828258	7579
ENSG00000280113.1	9828258	7579
ENSG00000142657.20	10398591	10721
ENSG00000130940.14	10796650	161169
ENSG00000130940.14	10796650	161169
ENSG00000130940.14	10796650	160642
ENSG00000130940.14	10796650	70240
ENSG00000130940.14	10796650	70240
ENSG00000177674.15	11736083	4427
ENSG00000177674.15	11736083	4427
ENSG00000120937.8	11858931	21911
ENSG00000120937.8	11858931	21911
ENSG00000116685.15	11926428	18712
ENSG00000116685.15	11926428	18712
ENSG00000116685.15	11926428	18712
ENSG00000116685.15	11926428	18712
ENSG00000116685.15	11926428	7639
ENSG00000120949.14	12063376	11372
ENSG00000028137.16	12167002	20212
ENSG00000028137.16	12167002	13927
ENSG00000028137.16	12167002	13927
ENSG00000028137.16	12167002	5270
ENSG00000162496.8	12617731	98953
ENSG00000162496.8	12617731	98953
ENSG00000162496.8	12617731	98953
ENSG00000162496.8	12617731	92347
ENSG00000162496.8	12617731	92347
ENSG00000162496.8	12617731	77899
ENSG00000162496.8	12617731	77899
ENSG00000162496.8	12617731	76178
ENSG00000162496.8	12617731	68954
ENSG00000162496.8	12617731	68954
ENSG00000162496.8	12617731	68954
ENSG00000162496.8	12617731	61458
ENSG00000162496.8	12617731	61458
ENSG00000162496.8	12617731	244
ENSG00000162496.8	12617731	244
ENSG00000162496.8	12617731	1314
ENSG00000162496.8	12617731	2137
ENSG00000204518.2	12644546	7981
ENSG00000204518.2	12644546	7981
ENSG00000204518.2	12644546	7981
ENSG00000162494.5	13514048	26756
ENSG00000162494.5	13514048	29935
ENSG00000162493.16	13583464	36461
ENSG00000116731.22	13700197	248670
ENSG00000116731.22	13700197	248670
ENSG00000189337.15	14598703	360404
ENSG00000189337.15	14598703	360404
ENSG00000189337.15	14598703	339643
ENSG00000189337.15	14598703	294370
ENSG00000189337.15	14598703	294370
ENSG00000189337.15	14598703	111744
ENSG00000189337.15	14598703	100718
ENSG00000189337.15	14598703	100718
ENSG00000189337.15	14598703	81584
ENSG00000189337.15	14598703	76528
ENSG00000189337.15	14598703	75718
ENSG00000171729.13	15152531	6348
ENSG00000142621.19	15247271	4080
ENSG00000197312.11	15617499	14384
ENSG00000197312.11	15617499	14384
ENSG00000197312.11	15617499	14384
ENSG00000116786.11	15684331	1217
ENSG00000162460.6	15742421	1003
ENSG00000233954.6	15809348	22747
ENSG00000233954.6	15809348	10234
ENSG00000233954.6	15809348	9856
ENSG00000233954.6	15809348	9105
ENSG00000233954.6	15809348	9105
ENSG00000065526.10	15847863	13558
ENSG00000065526.10	15847863	13558
ENSG00000065526.10	15847863	13558
ENSG00000065526.10	15847863	12494
ENSG00000065526.10	15847863	12494
ENSG00000065526.10	15847863	12494
ENSG00000065526.10	15847863	12494
ENSG00000186510.11	16018874	6088
ENSG00000186510.11	16018874	5605
ENSG00000185519.8	16073632	1688
ENSG00000142627.12	16156087	8159
ENSG00000142627.12	16156087	8159
ENSG00000142627.12	16156087	11858
ENSG00000142627.12	16156087	19539
ENSG00000142627.12	16156087	19539
ENSG00000142627.12	16156087	19539
ENSG00000142627.12	16156087	25454
ENSG00000142627.12	16156087	25454
ENSG00000142627.12	16156087	25454
ENSG00000142632.16	16212609	24965
ENSG00000142632.16	16212609	4421
ENSG00000142632.16	16212609	4421
ENSG00000132881.11	16237162	7090
ENSG00000132881.11	16237162	7090
ENSG00000268991.2	16539065	40567
ENSG00000268991.2	16539065	40567
ENSG00000268991.2	16539065	40567
ENSG00000268991.2	16539065	40567
ENSG00000268991.2	16539065	25142
ENSG00000268991.2	16539065	24593
ENSG00000268991.2	16539065	4387
ENSG00000268991.2	16539065	4387
ENSG00000268991.2	16539065	4387
ENSG00000268991.2	16539065	4387
ENSG00000268991.2	16539065	4387
ENSG00000219481.10	16613562	7454
ENSG00000237847.2	16673002	28727
ENSG00000237847.2	16673002	28727
ENSG00000237847.2	16673002	28727
ENSG00000279132.1	16734461	26996
ENSG00000279132.1	16734461	26996
ENSG00000279132.1	16734461	9212
ENSG00000279132.1	16734461	9212
ENSG00000117122.13	16980835	3762
ENSG00000074964.16	17539834	37461
ENSG00000074964.16	17539834	37461
ENSG00000074964.16	17539834	8232
ENSG00000009709.11	18631005	31943
ENSG00000169991.10	18956686	5502
ENSG00000169991.10	18956686	5502
ENSG00000169991.10	18956686	54084
ENSG00000169991.10	18956686	110354
ENSG00000077549.17	19485539	19421
ENSG00000077549.17	19485539	19421
ENSG00000077549.17	19485539	44056
ENSG00000077549.17	19485539	46977
ENSG00000173436.13	19596976	33492
ENSG00000173436.13	19596976	33492
ENSG00000158748.3	19665286	5492
ENSG00000117215.14	20119566	8898
ENSG00000117215.14	20119566	4945
ENSG00000158786.4	20139325	12630
ENSG00000158786.4	20139325	12630
ENSG00000187980.6	20177424	1026
ENSG00000187980.6	20177424	1026
ENSG00000162543.5	20186084	2338
ENSG00000162543.5	20186084	2338
ENSG00000162543.5	20186084	26899
ENSG00000158816.15	20290918	25693
ENSG00000162545.5	20486220	8406
ENSG00000162545.5	20486220	7505
ENSG00000117298.14	21345504	22975
ENSG00000117298.14	21345504	22975
ENSG00000162551.13	21509371	244
ENSG00000076864.19	21669363	3894
ENSG00000142798.17	21937297	5687
ENSG00000142798.17	21937297	7047
ENSG00000142798.17	21937297	17838
ENSG00000142798.17	21937297	19487
ENSG00000219073.7	21977020	13032
ENSG00000142789.19	22001655	23257
ENSG00000142789.19	22001655	23257
ENSG00000142789.19	22001655	23257
ENSG00000142789.19	22001655	23257
ENSG00000070831.15	22052626	21200
ENSG00000162552.14	22143969	35708
ENSG00000162552.14	22143969	35708
ENSG00000162552.14	22143969	35708
ENSG00000184677.16	22451850	109775
ENSG00000184677.16	22451850	109775
ENSG00000215906.8	22965338	3976
ENSG00000125945.14	23369442	7478
ENSG00000125945.14	23369442	7478
ENSG00000125945.14	23369442	7478
ENSG00000007968.6	23531220	47
ENSG00000007968.6	23531220	8476
ENSG00000117318.8	23559794	5318
ENSG00000117318.8	23559794	5318
ENSG00000117318.8	23559794	2295
ENSG00000117318.8	23559794	2295
ENSG00000117318.8	23559794	8043
ENSG00000117318.8	23559794	8043
ENSG00000117318.8	23559794	9024
ENSG00000197880.8	23581494	4121
ENSG00000057757.9	23778404	6232
ENSG00000188822.7	23913362	6475
ENSG00000188822.7	23913362	6475
ENSG00000188529.14	23980927	37710
ENSG00000188529.14	23980927	39212
ENSG00000188529.14	23980927	64863
ENSG00000188529.14	23980927	64863
ENSG00000188529.14	23980927	64863
ENSG00000142661.18	24112175	50
ENSG00000142661.18	24112175	50
ENSG00000142677.3	24143121	7160
ENSG00000142677.3	24143121	7160
ENSG00000185436.11	24187959	13917
ENSG00000158055.15	24319321	29339
ENSG00000158055.15	24319321	24954
ENSG00000158055.15	24319321	24954
ENSG00000158055.15	24319321	24954
ENSG00000169504.14	24745356	56737
ENSG00000169504.14	24745356	51528
ENSG00000169504.14	24745356	51528
ENSG00000169504.14	24745356	40060
ENSG00000169504.14	24745356	30448
ENSG00000169504.14	24745356	30448
ENSG00000169504.14	24745356	25306
ENSG00000169504.14	24745356	17829
ENSG00000169504.14	24745356	9465
ENSG00000169504.14	24745356	9465
ENSG00000169504.14	24745356	102425
ENSG00000169504.14	24745356	102425
ENSG00000169504.14	24745356	102425
ENSG00000169504.14	24745356	102425
ENSG00000020633.18	24965121	57363
ENSG00000020633.18	24965121	57710
ENSG00000117614.9	25232502	618
ENSG00000117614.9	25232502	7112
ENSG00000117614.9	25232502	7112
ENSG00000117643.14	25617467	1435
ENSG00000117643.14	25617467	1435
ENSG00000117643.14	25617467	1435
ENSG00000162430.16	25800175	13151
ENSG00000182749.5	25871253	3714
ENSG00000182749.5	25871253	3714
ENSG00000182749.5	25871253	3714
ENSG00000182749.5	25871253	3714
ENSG00000158006.13	25998157	45346
ENSG00000158006.13	25998157	45346
ENSG00000130695.13	26234152	8939
ENSG00000158062.20	26318363	2925
ENSG00000158062.20	26318363	2925
ENSG00000198830.10	26472449	27610
ENSG00000198830.10	26472449	27610
ENSG00000198830.10	26472449	27610
ENSG00000198830.10	26472449	27610
ENSG00000117713.17	26696032	75707
ENSG00000117713.17	26696032	75707
ENSG00000117713.17	26696032	75707
ENSG00000117713.17	26696032	75707
ENSG00000117713.17	26696032	18598
ENSG00000117713.17	26696032	3799
ENSG00000117713.17	26696032	3799
ENSG00000117713.17	26696032	3148
ENSG00000060642.10	26787471	543
ENSG00000060642.10	26787471	11890
ENSG00000060642.10	26787471	11890
ENSG00000175793.11	26863137	1562
ENSG00000175793.11	26863137	1562
ENSG00000158246.7	27012836	18645
ENSG00000280403.1	27065365	20866
ENSG00000181773.6	27392643	9759
ENSG00000181773.6	27392643	9759
ENSG00000181773.6	27392643	9759
ENSG00000181773.6	27392643	9759
ENSG00000181773.6	27392643	9759
ENSG00000158195.10	27490158	6656
ENSG00000158195.10	27490158	13771
ENSG00000158195.10	27490158	13771
ENSG00000158195.10	27490158	14270
ENSG00000158195.10	27490158	14270
ENSG00000158195.10	27490158	14270
ENSG00000158195.10	27490158	31379
ENSG00000158195.10	27490158	35363
ENSG00000158195.10	27490158	37892
ENSG00000158195.10	27490158	37892
ENSG00000158195.10	27490158	37892
ENSG00000158195.10	27490158	37892
ENSG00000000938.12	27635277	15338
ENSG00000000938.12	27635277	15338
ENSG00000126709.14	27672218	12548
ENSG00000126709.14	27672218	12548
ENSG00000126709.14	27672218	9035
ENSG00000130775.15	27872542	9357
ENSG00000130775.15	27872542	9357
ENSG00000130770.17	28236108	11015
ENSG00000188060.6	28592199	10961
ENSG00000188060.6	28592199	10961
ENSG00000120656.11	28643085	4949
ENSG00000120656.11	28643085	4949
ENSG00000120656.11	28643085	4949
ENSG00000120656.11	28643085	4949
ENSG00000116329.10	28812141	37010
ENSG00000159023.18	28887090	4965
ENSG00000159023.18	28887090	2102
ENSG00000253304.1	29123935	324
ENSG00000253304.1	29123935	324
ENSG00000253304.1	29123935	324
ENSG00000253304.1	29123935	9724
ENSG00000060656.19	29236515	180313
ENSG00000060656.19	29236515	180313
ENSG00000060656.19	29236515	180313
ENSG00000162510.5	30723587	637495
ENSG00000162510.5	30723587	637495
ENSG00000162510.5	30723587	343159
ENSG00000162510.5	30723587	86508
ENSG00000162510.5	30723587	86508
ENSG00000162510.5	30723587	85996
ENSG00000162510.5	30723587	53303
ENSG00000162510.5	30723587	47840
ENSG00000162510.5	30723587	42703
ENSG00000162510.5	30723587	29637
ENSG00000162510.5	30723587	28149
ENSG00000162510.5	30723587	25785
ENSG00000162510.5	30723587	22618
ENSG00000162510.5	30723587	19276
ENSG00000162510.5	30723587	18455
ENSG00000162510.5	30723587	16950
ENSG00000162510.5	30723587	15442
ENSG00000162511.7	30757820	5493
ENSG00000162511.7	30757820	5493
ENSG00000162511.7	30757820	43973
ENSG00000162511.7	30757820	43973
ENSG00000162511.7	30757820	51654
ENSG00000162511.7	30757820	51654
ENSG00000162511.7	30757820	51654
ENSG00000162511.7	30757820	58348
ENSG00000162511.7	30757820	58348
ENSG00000162511.7	30757820	60763
ENSG00000162511.7	30757820	60763
ENSG00000162511.7	30757820	66106
ENSG00000162511.7	30757820	66106
ENSG00000162512.15	30908761	61237
ENSG00000162512.15	30908761	56687
ENSG00000162512.15	30908761	54557
ENSG00000162512.15	30908761	52546
ENSG00000162512.15	30908761	2609
ENSG00000084628.9	31239554	84873
ENSG00000084628.9	31239554	84873
ENSG00000084628.9	31239554	68855
ENSG00000168528.11	31409564	14929
ENSG00000142910.15	31576484	27744
ENSG00000142910.15	31576484	27744
ENSG00000142910.15	31576484	27744
ENSG00000142910.15	31576484	27744
ENSG00000142910.15	31576484	12438
ENSG00000142910.15	31576484	12438
ENSG00000142910.15	31576484	12438
ENSG00000142910.15	31576484	12438
ENSG00000142910.15	31576484	2550
ENSG00000142910.15	31576484	11327
ENSG00000142910.15	31576484	11327
ENSG00000142910.15	31576484	12165
ENSG00000142910.15	31576484	12165
ENSG00000142910.15	31576484	12165
ENSG00000084636.17	31704319	204
ENSG00000084636.17	31704319	204
ENSG00000084636.17	31704319	894
ENSG00000084636.17	31704319	10194
ENSG00000084636.17	31704319	10194
ENSG00000084636.17	31704319	10194
ENSG00000084636.17	31704319	10194
ENSG00000121753.12	31764893	23257
ENSG00000121753.12	31764893	23257
ENSG00000121753.12	31764893	23257
ENSG00000121753.12	31764893	23257
ENSG00000121753.12	31764893	23257
ENSG00000121753.12	31764893	23257
ENSG00000184007.17	31944856	9832
ENSG00000184007.17	31944856	9832
ENSG00000184007.17	31944856	11125
ENSG00000121775.17	32072030	8670
ENSG00000121775.17	32072030	5474
ENSG00000183615.5	32247232	7866
ENSG00000183615.5	32247232	7272
ENSG00000183615.5	32247232	7004
ENSG00000183615.5	32247232	7004
ENSG00000183615.5	32247232	6200
ENSG00000183615.5	32247232	6200
ENSG00000160058.18	32394731	6129
ENSG00000162520.14	32703596	8587
ENSG00000121900.18	32901438	24386
ENSG00000116514.16	32964685	8090
ENSG00000116514.16	32964685	8090
ENSG00000116514.16	32964685	24577
ENSG00000116514.16	32964685	27813
ENSG00000142920.16	33081103	45885
ENSG00000142920.16	33081103	45885
ENSG00000116525.13	33182059	38833
ENSG00000160094.14	33256544	27359
ENSG00000184389.9	33321098	20349
ENSG00000134686.16	33431052	2759
ENSG00000134686.16	33431052	12376
ENSG00000134686.16	33431052	12376
ENSG00000121903.14	33472644	16764
ENSG00000121903.14	33472644	16764
ENSG00000121903.14	33472644	11653
ENSG00000121903.14	33472644	2120
ENSG00000116544.11	34929585	359
ENSG00000197056.9	35059785	61217
ENSG00000116560.10	35193148	29557
ENSG00000116560.10	35193148	29557
ENSG00000146463.11	35268966	4065
ENSG00000054116.11	36156053	27255
ENSG00000054116.11	36156053	27255
ENSG00000054116.11	36156053	31753
ENSG00000054116.11	36156053	31753
ENSG00000054116.11	36156053	31753
ENSG00000054118.13	36224415	24113
ENSG00000054118.13	36224415	993
ENSG00000196182.10	36385896	559
ENSG00000196182.10	36385896	1162
ENSG00000163873.9	37034129	276
ENSG00000163873.9	37034129	49445
ENSG00000163873.9	37034129	49445
ENSG00000163874.8	37474551	19789
ENSG00000163874.8	37474551	19789
ENSG00000163874.8	37474551	2814
ENSG00000163874.8	37474551	12643
ENSG00000163874.8	37474551	12643
ENSG00000134697.12	37595935	9938
ENSG00000134697.12	37595935	9938
ENSG00000116922.14	37692249	25310
ENSG00000116922.14	37692249	25310
ENSG00000116922.14	37692249	15790
ENSG00000185668.6	38046794	91766
ENSG00000116954.7	38859823	288181
ENSG00000116954.7	38859823	131568
ENSG00000168653.10	39026317	21286
ENSG00000168653.10	39026317	21286
ENSG00000127603.23	39081315	4867
ENSG00000090621.13	39576790	17676
ENSG00000090621.13	39576790	17676
ENSG00000090621.13	39576790	17676
ENSG00000163909.7	39639945	6228
ENSG00000163909.7	39639945	6228
ENSG00000163909.7	39639945	13602
ENSG00000163909.7	39639945	13602
ENSG00000168389.17	39955111	20873
ENSG00000168389.17	39955111	20873
ENSG00000168389.17	39955111	2584
ENSG00000168389.17	39955111	2584
ENSG00000117016.9	40665657	3220
ENSG00000117013.14	40784011	9746
ENSG00000117013.14	40784011	1637
ENSG00000117013.14	40784011	1637
ENSG00000117013.14	40784011	1637
ENSG00000117013.14	40784011	1637
ENSG00000117013.14	40784011	622
ENSG00000179862.6	40862366	17158
ENSG00000179862.6	40862366	5219
ENSG00000179862.6	40862366	15318
ENSG00000171793.13	40979334	39563
ENSG00000171793.13	40979334	34976
ENSG00000171793.13	40979334	34426
ENSG00000171793.13	40979334	34426
ENSG00000171793.13	40979334	11804
ENSG00000010803.16	41242154	26088
ENSG00000204060.5	41361921	47846
ENSG00000204060.5	41361921	42024
ENSG00000204060.5	41361921	25842
ENSG00000204060.5	41361921	53002
ENSG00000127129.9	41484673	52233
ENSG00000127129.9	41484673	52233
ENSG00000127129.9	41484673	52233
ENSG00000127129.9	41484673	28976
ENSG00000127129.9	41484673	10239
ENSG00000127129.9	41484673	10239
ENSG00000127129.9	41484673	11033
ENSG00000127129.9	41484673	11355
ENSG00000127129.9	41484673	12169
ENSG00000127129.9	41484673	15852
ENSG00000197273.3	42164718	7880
ENSG00000197273.3	42164718	7880
ENSG00000197273.3	42164718	7880
ENSG00000117394.19	42959173	35294
ENSG00000117394.19	42959173	35294
ENSG00000117394.19	42959173	35294
ENSG00000117394.19	42959173	35294
ENSG00000117394.19	42959173	35294
ENSG00000117394.19	42959173	3536
ENSG00000117394.19	42959173	14162
ENSG00000186973.10	43145152	75298
ENSG00000066056.13	43300992	5560
ENSG00000066056.13	43300992	5560
ENSG00000196517.11	44031467	5132
ENSG00000196517.11	44031467	16270
ENSG00000196517.11	44031467	16270
ENSG00000196517.11	44031467	28241
ENSG00000196517.11	44031467	28241
ENSG00000142945.12	44739817	9271
ENSG00000142945.12	44739817	9271
ENSG00000142945.12	44739817	9271
ENSG00000142945.12	44739817	9271
ENSG00000188396.3	44806675	565
ENSG00000188396.3	44806675	565
ENSG00000117461.14	46133036	95987
ENSG00000117480.15	46394264	48044
ENSG00000197587.10	46506995	40591
ENSG00000197587.10	46506995	40591
ENSG00000197587.10	46506995	40591
ENSG00000159658.10	46719064	6051
ENSG00000142973.12	46757837	7942
ENSG00000162366.7	47191044	11955
ENSG00000162366.7	47191044	11955
ENSG00000162366.7	47191044	1613
ENSG00000186564.5	47436016	3605
ENSG00000186564.5	47436016	72738
ENSG00000186564.5	47436016	141988
ENSG00000186564.5	47436016	141988
ENSG00000186564.5	47436016	141988
ENSG00000186564.5	47436016	141988
ENSG00000186564.5	47436016	274477
ENSG00000269113.3	47996895	270799
ENSG00000269113.3	47996895	270799
ENSG00000269113.3	47996895	245018
ENSG00000269113.3	47996895	411
ENSG00000269113.3	47996895	411
ENSG00000132122.11	48472208	21875
ENSG00000142700.11	50423500	90512
ENSG00000142700.11	50423500	90512
ENSG00000142700.11	50423500	90512
ENSG00000123080.10	50960744	16278
ENSG00000123080.10	50960744	16278
ENSG00000123080.10	50960744	16278
ENSG00000123080.10	50960744	16278
ENSG00000123080.10	50960744	16278
ENSG00000162377.5	52698366	4574
ENSG00000162377.5	52698366	4574
ENSG00000162377.5	52698366	11973
ENSG00000162383.11	53142632	3253
ENSG00000162383.11	53142632	3253
ENSG00000157184.5	53196428	23659
ENSG00000157184.5	53196428	19852
ENSG00000157184.5	53196428	19852
ENSG00000157184.5	53196428	19852
ENSG00000143006.7	53459398	26024
ENSG00000143006.7	53459398	26024
ENSG00000143006.7	53459398	40884
ENSG00000174332.5	53738106	328
ENSG00000174332.5	53738106	328
ENSG00000174332.5	53738106	328
ENSG00000174332.5	53738106	328
ENSG00000116212.14	53946076	36027
ENSG00000116212.14	53946076	36027
ENSG00000157211.10	54153770	32321
ENSG00000157211.10	54153770	32321
ENSG00000157211.10	54153770	32321
ENSG00000157216.15	54413479	61233
ENSG00000157216.15	54413479	61233
ENSG00000157216.15	54413479	61233
ENSG00000157216.15	54413479	61233
ENSG00000157216.15	54413479	61233
ENSG00000157216.15	54413479	61233
ENSG00000157216.15	54413479	61233
ENSG00000162390.17	54542256	54277
ENSG00000162390.17	54542256	53056
ENSG00000162390.17	54542256	53056
ENSG00000162390.17	54542256	43135
ENSG00000162390.17	54542256	43135
ENSG00000162396.5	54764514	7583
ENSG00000162396.5	54764514	11643
ENSG00000162396.5	54764514	12948
ENSG00000143001.4	54980791	30422
ENSG00000143001.4	54980791	30422
ENSG00000143001.4	54980791	7553
ENSG00000162399.6	54998932	2472
ENSG00000162402.13	55215113	62003
ENSG00000162402.13	55215113	62003
ENSG00000162402.13	55215113	159906
ENSG00000162402.13	55215113	228170
ENSG00000162402.13	55215113	228170
ENSG00000162402.13	55215113	248644
ENSG00000162402.13	55215113	297444
ENSG00000162402.13	55215113	304851
ENSG00000162402.13	55215113	307261
ENSG00000162402.13	55215113	307261
ENSG00000162402.13	55215113	321500
ENSG00000162402.13	55215113	360497
ENSG00000162402.13	55215113	360497
ENSG00000162402.13	55215113	365694
ENSG00000162402.13	55215113	365694
ENSG00000162402.13	55215113	454207
ENSG00000162402.13	55215113	455325
ENSG00000162402.13	55215113	479015
ENSG00000162402.13	55215113	479015
ENSG00000162402.13	55215113	503644
ENSG00000162402.13	55215113	503644
ENSG00000162402.13	55215113	566804
ENSG00000162402.13	55215113	566804
ENSG00000162402.13	55215113	598547
ENSG00000162407.8	56645301	701506
ENSG00000162407.8	56645301	588756
ENSG00000162407.8	56645301	588756
ENSG00000162407.8	56645301	571310
ENSG00000162407.8	56645301	571310
ENSG00000162407.8	56645301	564125
ENSG00000162407.8	56645301	498837
ENSG00000162407.8	56645301	389716
ENSG00000162407.8	56645301	389716
ENSG00000162407.8	56645301	268933
ENSG00000162407.8	56645301	268933
ENSG00000162407.8	56645301	264642
ENSG00000162407.8	56645301	247913
ENSG00000162407.8	56645301	198819
ENSG00000162407.8	56645301	198819
ENSG00000162407.8	56645301	193105
ENSG00000162407.8	56645301	193105
ENSG00000162407.8	56645301	192246
ENSG00000162407.8	56645301	192246
ENSG00000162407.8	56645301	168136
ENSG00000162407.8	56645301	168136
ENSG00000162407.8	56645301	168136
ENSG00000184292.6	58577773	6602
ENSG00000184292.6	58577773	14718
ENSG00000184292.6	58577773	40521
ENSG00000162601.9	58700092	47618
ENSG00000162601.9	58700092	47618
ENSG00000177606.6	58784327	29068
ENSG00000177606.6	58784327	19921
ENSG00000177606.6	58784327	19921
ENSG00000177606.6	58784327	10926
ENSG00000177606.6	58784327	663
ENSG00000177606.6	58784327	30901
ENSG00000177606.6	58784327	31739
ENSG00000177606.6	58784327	31739
ENSG00000177606.6	58784327	64589
ENSG00000177606.6	58784327	90535
ENSG00000177606.6	58784327	99020
ENSG00000177606.6	58784327	112376
ENSG00000177606.6	58784327	119079
ENSG00000177606.6	58784327	119079
ENSG00000177606.6	58784327	119079
ENSG00000177606.6	58784327	137949
ENSG00000177606.6	58784327	184155
ENSG00000177606.6	58784327	184155
ENSG00000177606.6	58784327	229024
ENSG00000177606.6	58784327	229024
ENSG00000177606.6	58784327	229024
ENSG00000177606.6	58784327	235908
ENSG00000172456.17	59296637	252850
ENSG00000172456.17	59296637	244450
ENSG00000172456.17	59296637	244450
ENSG00000172456.17	59296637	239434
ENSG00000172456.17	59296637	234741
ENSG00000172456.17	59296637	145605
ENSG00000172456.17	59296637	92681
ENSG00000134716.9	59926790	44535
ENSG00000134716.9	59926790	44535
ENSG00000162598.13	60073770	207676
ENSG00000162604.12	61725423	233953
ENSG00000162604.12	61725423	118738
ENSG00000162604.12	61725423	118738
ENSG00000162604.12	61725423	87170
ENSG00000162604.12	61725423	83703
ENSG00000132854.18	62319414	8291
ENSG00000162607.12	62436296	51675
ENSG00000116641.16	62688368	1875
ENSG00000187140.5	63323040	6098
ENSG00000187140.5	63323040	847
ENSG00000187140.5	63323040	847
ENSG00000187140.5	63323040	6654
ENSG00000142856.16	63593721	68476
ENSG00000142856.16	63593721	68476
ENSG00000142856.16	63593721	80744
ENSG00000142856.16	63593721	80744
ENSG00000142856.16	63593721	80744
ENSG00000185483.11	63774021	82028
ENSG00000185483.11	63774021	75761
ENSG00000185483.11	63774021	69685
ENSG00000185483.11	63774021	42459
ENSG00000185483.11	63774021	42459
ENSG00000185483.11	63774021	26492
ENSG00000177414.13	64203626	20222
ENSG00000177414.13	64203626	7298
ENSG00000177414.13	64203626	7298
ENSG00000177414.13	64203626	65574
ENSG00000177414.13	64203626	65820
ENSG00000162434.11	64966504	35734
ENSG00000162434.11	64966504	35734
ENSG00000162434.11	64966504	35734
ENSG00000162434.11	64966504	35734
ENSG00000162433.14	65147548	81090
ENSG00000162433.14	65147548	81090
ENSG00000162433.14	65147548	79898
ENSG00000162433.14	65147548	79898
ENSG00000184588.17	65792513	104793
ENSG00000184588.17	65792513	104793
ENSG00000118473.21	66533382	131178
ENSG00000118473.21	66533382	83470
ENSG00000118473.21	66533382	83470
ENSG00000142864.14	67430415	48740
ENSG00000116717.11	67685060	123342
ENSG00000116717.11	67685060	123342
ENSG00000116717.11	67685060	94672
ENSG00000116717.11	67685060	83434
ENSG00000116717.11	67685060	66286
ENSG00000172380.5	67833467	4827
ENSG00000172380.5	67833467	4827
ENSG00000172380.5	67833467	17219
ENSG00000116729.13	68233120	88037
ENSG00000116729.13	68233120	88037
ENSG00000116729.13	68233120	89778
ENSG00000116729.13	68233120	89778
ENSG00000116729.13	68233120	89778
ENSG00000116729.13	68233120	94405
ENSG00000116745.6	68449959	107339
ENSG00000116745.6	68449959	107339
ENSG00000116745.6	68449959	65656
ENSG00000024526.16	68497221	207378
ENSG00000024526.16	68497221	220182
ENSG00000024526.16	68497221	220182
ENSG00000024526.16	68497221	227893
ENSG00000024526.16	68497221	227893
ENSG00000024526.16	68497221	227893
ENSG00000024526.16	68497221	418932
ENSG00000024526.16	68497221	418932
ENSG00000024526.16	68497221	418932
ENSG00000024526.16	68497221	458291
ENSG00000033122.18	69568397	463326
ENSG00000033122.18	69568397	446013
ENSG00000033122.18	69568397	1244
ENSG00000033122.18	69568397	1244
ENSG00000033122.18	69568397	1244
ENSG00000033122.18	69568397	1244
ENSG00000132485.12	71081297	8733
ENSG00000172260.13	72282734	818
ENSG00000172260.13	72282734	818
ENSG00000172260.13	72282734	782953
ENSG00000137968.16	75611116	4786
ENSG00000137968.16	75611116	4786
ENSG00000184005.10	76074718	68452
ENSG00000184005.10	76074718	21822
ENSG00000184005.10	76074718	21333
ENSG00000184005.10	76074718	5712
ENSG00000142892.14	77219430	137719
ENSG00000137959.15	78619921	2349
ENSG00000162618.12	79006718	719660
ENSG00000162618.12	79006718	719660
	0	1000000
	0	1000000
	0	1000000
ENSG00000137941.16	83999150	848590
ENSG00000137941.16	83999150	847943
ENSG00000137941.16	83999150	847943
ENSG00000137941.16	83999150	490676
ENSG00000137941.16	83999150	490676
ENSG00000137941.16	83999150	389541
ENSG00000137941.16	83999150	357779
ENSG00000137941.16	83999150	357299
ENSG00000137941.16	83999150	357299
ENSG00000137941.16	83999150	357299
ENSG00000137941.16	83999150	138659
ENSG00000137941.16	83999150	138659
ENSG00000117151.12	84574480	33818
ENSG00000117151.12	84574480	33818
ENSG00000117151.12	84574480	29486
ENSG00000117151.12	84574480	29486
ENSG00000117151.12	84574480	30030
ENSG00000117151.12	84574480	46131
ENSG00000117151.12	84574480	46131
ENSG00000117155.16	84690803	7405
ENSG00000117155.16	84690803	7405
ENSG00000117155.16	84690803	28754
ENSG00000117155.16	84690803	28754
ENSG00000117155.16	84690803	94218
ENSG00000117155.16	84690803	94218
ENSG00000097096.8	85201046	52043
ENSG00000097096.8	85201046	19660
ENSG00000162642.13	85259672	19290
ENSG00000162642.13	85259672	14841
ENSG00000142867.12	85277090	20629
ENSG00000142867.12	85277090	20629
ENSG00000142867.12	85277090	36960
ENSG00000142871.15	85580760	7124
ENSG00000142871.15	85580760	7124
ENSG00000142871.15	85580760	18397
ENSG00000142871.15	85580760	48287
ENSG00000142871.15	85580760	48287
ENSG00000171502.14	86156943	33849
ENSG00000122417.15	86396342	343
ENSG00000016490.15	86468367	35021
ENSG00000016490.15	86468367	35021
ENSG00000016490.15	86468367	35021
ENSG00000016490.15	86468367	35021
ENSG00000097033.14	86704569	52950
ENSG00000097033.14	86704569	69701
ENSG00000097033.14	86704569	88307
ENSG00000097033.14	86704569	88307
ENSG00000143013.12	87328467	120809
ENSG00000143013.12	87328467	316048
ENSG00000143013.12	87328467	358075
ENSG00000143013.12	87328467	358075
ENSG00000143013.12	87328467	358075
ENSG00000143013.12	87328467	452939
ENSG00000143013.12	87328467	452939
ENSG00000143013.12	87328467	477581
ENSG00000143013.12	87328467	574237
ENSG00000143013.12	87328467	639746
ENSG00000143013.12	87328467	640032
ENSG00000143013.12	87328467	640032
ENSG00000065243.18	88684221	221637
ENSG00000065243.18	88684221	221637
ENSG00000117228.9	89065360	205
ENSG00000183347.14	89364057	5721
ENSG00000183347.14	89364057	43388
ENSG00000183347.14	89364057	43833
ENSG00000162664.16	89995111	33077
ENSG00000162664.16	89995111	33077
ENSG00000162664.16	89995111	23540
ENSG00000162664.16	89995111	23037
ENSG00000143032.7	90717237	134046
ENSG00000143032.7	90717237	134046
ENSG00000097046.12	91500892	36404
ENSG00000097046.12	91500892	36404
ENSG00000097046.12	91500892	68969
ENSG00000097046.12	91500892	74119
ENSG00000097046.12	91500892	81646
ENSG00000097046.12	91500892	83940
ENSG00000097046.12	91500892	83940
ENSG00000097046.12	91500892	103761
ENSG00000097046.12	91500892	121781
ENSG00000097046.12	91500892	149873
ENSG00000154511.11	92961522	792
ENSG00000154511.11	92961522	32615
ENSG00000154511.11	92961522	32615
ENSG00000137936.16	93847150	634
ENSG00000137936.16	93847150	634
ENSG00000023909.9	93909456	70308
ENSG00000137962.12	94275068	59421
ENSG00000117525.13	94541800	106364
ENSG00000117525.13	94541800	116412
ENSG00000117525.13	94541800	122727
ENSG00000117525.13	94541800	137903
ENSG00000143036.16	94820341	117800
ENSG00000143036.16	94820341	106616
ENSG00000143036.16	94820341	76527
ENSG00000143036.16	94820341	66723
ENSG00000143036.16	94820341	37034
ENSG00000143036.16	94820341	37034
ENSG00000143036.16	94820341	27075
ENSG00000143036.16	94820341	18346
ENSG00000143036.16	94820341	18346
ENSG00000143036.16	94820341	16815
ENSG00000117519.15	94927278	28545
ENSG00000117519.15	94927278	35643
ENSG00000172339.9	95072945	14273
ENSG00000122481.16	95234154	701346
ENSG00000122481.16	95234154	701346
ENSG00000117569.18	96721664	485596
ENSG00000117569.18	96721664	305604
ENSG00000117569.18	96721664	305604
ENSG00000117569.18	96721664	239442
ENSG00000117569.18	96721664	239442
ENSG00000117569.18	96721664	234393
ENSG00000117569.18	96721664	201592
ENSG00000117569.18	96721664	201592
ENSG00000117569.18	96721664	201078
ENSG00000117569.18	96721664	183486
ENSG00000117569.18	96721664	183486
ENSG00000117569.18	96721664	161600
ENSG00000117569.18	96721664	37837
ENSG00000117569.18	96721664	37837
ENSG00000117569.18	96721664	36861
ENSG00000117569.18	96721664	143932
ENSG00000117569.18	96721664	143932
ENSG00000117569.18	96721664	212902
ENSG00000117569.18	96721664	216876
ENSG00000117569.18	96721664	216876
ENSG00000117569.18	96721664	246892
ENSG00000188641.12	97921049	127265
ENSG00000156869.12	99766631	41725
ENSG00000156869.12	99766631	41725
ENSG00000156869.12	99766631	41725
ENSG00000156869.12	99766631	41725
ENSG00000181656.6	100538136	7279
ENSG00000162692.10	100719741	61145
ENSG00000170989.8	101236887	72494
ENSG00000170989.8	101236887	72494
ENSG00000170989.8	101236887	72494
ENSG00000187733.6	103750405	898034
ENSG00000198890.7	107056678	508744
ENSG00000198890.7	107056678	335004
ENSG00000198890.7	107056678	335004
ENSG00000198890.7	107056678	304094
ENSG00000198890.7	107056678	303606
ENSG00000198890.7	107056678	177256
ENSG00000198890.7	107056678	84702
ENSG00000162631.18	107140006	389686
ENSG00000162631.18	107140006	390330
ENSG00000162631.18	107140006	390330
ENSG00000134215.15	107965144	409395
ENSG00000215717.5	109089802	526
ENSG00000215717.5	109089802	9992
ENSG00000215717.5	109089802	9992
ENSG00000215717.5	109089802	9992
ENSG00000143126.7	109250018	9928
ENSG00000143126.7	109250018	9928
ENSG00000143126.7	109250018	9928
ENSG00000156097.12	109539871	7569
ENSG00000156097.12	109539871	7569
ENSG00000156097.12	109539871	7569
ENSG00000134183.11	109619929	16427
ENSG00000168765.15	109656080	12873
ENSG00000198758.10	109764027	12838
ENSG00000198758.10	109764027	28147
ENSG00000198758.10	109764027	43456
ENSG00000198758.10	109764027	57130
ENSG00000198758.10	109764027	57130
ENSG00000198758.10	109764027	59898
ENSG00000184371.13	109910241	71384
ENSG00000184371.13	109910241	46047
ENSG00000184371.13	109910241	38161
ENSG00000184371.13	109910241	32940
ENSG00000184371.13	109910241	26891
ENSG00000184371.13	109910241	26891
ENSG00000184371.13	109910241	26074
ENSG00000184371.13	109910241	26074
ENSG00000184371.13	109910241	20912
ENSG00000168710.17	109984685	30467
ENSG00000156150.6	110070700	13241
ENSG00000156150.6	110070700	13241
ENSG00000156150.6	110070700	13241
ENSG00000156150.6	110070700	13241
ENSG00000186150.4	110112467	8478
ENSG00000186150.4	110112467	8478
ENSG00000116396.13	110211342	1406
ENSG00000116396.13	110211342	1406
ENSG00000116396.13	110211342	1406
ENSG00000162775.14	110338505	26128
ENSG00000162775.14	110338505	26128
ENSG00000143105.6	110518838	36527
ENSG00000143105.6	110518838	37357
ENSG00000143105.6	110518838	37357
ENSG00000177301.13	110631474	2916
ENSG00000177301.13	110631474	2916
ENSG00000143110.11	111473791	7723
ENSG00000143110.11	111473791	7723
ENSG00000171385.9	111989155	376
ENSG00000171385.9	111989155	376
ENSG00000171385.9	111989155	376
ENSG00000171385.9	111989155	1438
ENSG00000171385.9	111989155	1438
ENSG00000171385.9	111989155	1438
ENSG00000171385.9	111989155	2283
ENSG00000171385.9	111989155	21986
ENSG00000143079.14	112396180	78980
ENSG00000143079.14	112396180	78980
ENSG00000143079.14	112396180	77396
ENSG00000143079.14	112396180	37338
ENSG00000143079.14	112396180	36170
ENSG00000143079.14	112396180	5352
ENSG00000143079.14	112396180	5352
ENSG00000143079.14	112396180	1989
ENSG00000155367.15	112715477	852
ENSG00000184599.13	112720418	1659
ENSG00000184599.13	112720418	23826
ENSG00000155380.11	112957013	476
ENSG00000155380.11	112957013	25892
ENSG00000155380.11	112957013	40754
ENSG00000155380.11	112957013	41726
ENSG00000155380.11	112957013	41726
ENSG00000198799.11	113073208	31109
ENSG00000198799.11	113073208	30529
ENSG00000198799.11	113073208	67384
ENSG00000198799.11	113073208	67384
ENSG00000134207.14	114153919	72500
ENSG00000134207.14	114153919	72500
ENSG00000134207.14	114153919	72500
ENSG00000134207.14	114153919	64869
ENSG00000134207.14	114153919	64869
ENSG00000134207.14	114153919	65500
ENSG00000134207.14	114153919	65500
ENSG00000134207.14	114153919	156987
ENSG00000197323.10	114511160	165216
ENSG00000197323.10	114511160	165216
ENSG00000197323.10	114511160	165216
ENSG00000197323.10	114511160	157868
ENSG00000197323.10	114511160	141148
ENSG00000134198.9	115089500	1082
ENSG00000134198.9	115089500	9833
ENSG00000134198.9	115089500	9833
ENSG00000134198.9	115089500	45447
ENSG00000134198.9	115089500	49357
ENSG00000134198.9	115089500	67303
ENSG00000134198.9	115089500	67303
ENSG00000134198.9	115089500	67303
ENSG00000134198.9	115089500	67303
ENSG00000134198.9	115089500	68688
ENSG00000134198.9	115089500	100681
ENSG00000134259.3	115338236	104723
ENSG00000134259.3	115338236	86973
ENSG00000134259.3	115338236	55374
ENSG00000134259.3	115338236	25492
ENSG00000134259.3	115338236	25492
ENSG00000134259.3	115338236	25492
ENSG00000134259.3	115338236	27513
ENSG00000134259.3	115338236	116669
ENSG00000134259.3	115338236	140989
ENSG00000173218.14	115641952	46279
ENSG00000118729.11	115768781	2875
ENSG00000118729.11	115768781	2875
ENSG00000177551.5	115843917	15765
ENSG00000177551.5	115843917	15765
ENSG00000177551.5	115843917	14563
ENSG00000173212.4	116111754	39971
ENSG00000173212.4	116111754	39971
ENSG00000173212.4	116111754	56465
ENSG00000173212.4	116111754	56465
ENSG00000163399.15	116372667	7295
ENSG00000163399.15	116372667	7295
ENSG00000163399.15	116372667	45572
ENSG00000163399.15	116372667	45572
ENSG00000134247.9	116910056	56246
ENSG00000134247.9	116910056	54803
ENSG00000134247.9	116910056	54803
ENSG00000134247.9	116910056	38282
ENSG00000134247.9	116910056	31991
ENSG00000134247.9	116910056	31991
ENSG00000134247.9	116910056	31991
ENSG00000134247.9	116910056	27890
ENSG00000116830.11	117060302	8823
ENSG00000116830.11	117060302	8823
ENSG00000134258.16	117210960	57919
ENSG00000183508.4	117605933	65949
ENSG00000183508.4	117605933	65949
ENSG00000183508.4	117605933	76379
ENSG00000183508.4	117605933	80147
ENSG00000183508.4	117605933	89890
ENSG00000183508.4	117605933	89890
ENSG00000183508.4	117605933	103023
ENSG00000183508.4	117605933	133692
ENSG00000183508.4	117605933	152596
ENSG00000183508.4	117605933	152596
ENSG00000183508.4	117605933	152596
ENSG00000183508.4	117605933	152596
ENSG00000196505.10	117929630	148911
ENSG00000196505.10	117929630	148911
ENSG00000196505.10	117929630	148911
ENSG00000196505.10	117929630	114507
ENSG00000196505.10	117929630	114507
ENSG00000196505.10	117929630	108452
ENSG00000196505.10	117929630	107882
ENSG00000196505.10	117929630	102779
ENSG00000196505.10	117929630	101519
ENSG00000155761.13	118185223	379109
ENSG00000092607.13	118989556	12024
ENSG00000092607.13	118989556	18641
ENSG00000092607.13	118989556	18641
ENSG00000092607.13	118989556	18641
ENSG00000116882.14	119368778	41656
ENSG00000116882.14	119368778	41656
ENSG00000134240.11	119768905	11013
ENSG00000134240.11	119768905	11013
ENSG00000134240.11	119768905	15240
ENSG00000134240.11	119768905	15240
ENSG00000134249.6	119896495	22877
ENSG00000134250.17	120069626	81
ENSG00000134250.17	120069626	81
ENSG00000265808.3	120176515	178013
ENSG00000265808.3	120176515	178013
ENSG00000265808.3	120176515	238331
ENSG00000265808.3	120176515	238331
ENSG00000278882.1	120723922	165894
ENSG00000278882.1	120723922	165894
ENSG00000278882.1	120723922	165894
ENSG00000281741.1	120914238	27920
ENSG00000281741.1	120914238	27920
ENSG00000198019.12	121087344	9651
ENSG00000198019.12	121087344	9651
ENSG00000198019.12	121087344	9651
ENSG00000198019.12	121087344	9651
ENSG00000198019.12	121087344	29322
ENSG00000198019.12	121087344	29322
ENSG00000198019.12	121087344	29790
ENSG00000198019.12	121087344	29790
ENSG00000198019.12	121087344	29790
ENSG00000203818.7	143905966	21511
ENSG00000203818.7	143905966	21511
ENSG00000203818.7	143905966	1994
ENSG00000203818.7	143905966	1994
ENSG00000203818.7	143905966	1994
ENSG00000203818.7	143905966	1994
ENSG00000203818.7	143905966	694
ENSG00000271567.1	144373659	38416
ENSG00000271567.1	144373659	38416
ENSG00000271567.1	144373659	38416
ENSG00000266338.6	144461674	62139
ENSG00000266338.6	144461674	62139
ENSG00000279782.1	144592867	46752
ENSG00000279782.1	144592867	46752
ENSG00000279782.1	144592867	41270
ENSG00000279782.1	144592867	41270
ENSG00000279782.1	144592867	41270
ENSG00000279782.1	144592867	32676
ENSG00000279782.1	144592867	32676
ENSG00000279782.1	144592867	32676
ENSG00000256374.2	145242124	38485
ENSG00000256374.2	145242124	38485
ENSG00000256374.2	145242124	38485
ENSG00000162825.16	145405778	19314
ENSG00000162825.16	145405778	19314
ENSG00000162825.16	145405778	59922
ENSG00000162825.16	145405778	59922
ENSG00000121851.12	145964701	14589
ENSG00000265972.5	145996600	11285
ENSG00000265972.5	145996600	11285
ENSG00000265972.5	145996600	10777
ENSG00000265972.5	145996600	2736
ENSG00000265972.5	145996600	10585
ENSG00000168509.18	146021918	13503
ENSG00000168509.18	146021918	15002
ENSG00000168509.18	146021918	15783
ENSG00000168509.18	146021918	15783
ENSG00000168509.18	146021918	15783
ENSG00000168509.18	146021918	16952
ENSG00000168509.18	146021918	16952
ENSG00000168509.18	146021918	16952
ENSG00000168509.18	146021918	29729
ENSG00000168509.18	146021918	29729
ENSG00000168509.18	146021918	29729
ENSG00000168509.18	146021918	29729
ENSG00000264343.5	146229026	26
ENSG00000270339.2	146344790	31543
ENSG00000270339.2	146344790	31960
ENSG00000270339.2	146344790	42171
ENSG00000270339.2	146344790	42171
ENSG00000270339.2	146344790	64677
ENSG00000270339.2	146344790	64677
ENSG00000270339.2	146344790	127673
ENSG00000270339.2	146344790	141604
ENSG00000270339.2	146344790	141604
ENSG00000270339.2	146344790	141604
ENSG00000131791.7	147172550	87873
ENSG00000131791.7	147172550	87873
ENSG00000116128.9	147541411	36637
ENSG00000116128.9	147541411	36637
ENSG00000116128.9	147541411	2286
ENSG00000188092.14	147928392	109978
ENSG00000188092.14	147928392	109978
ENSG00000188092.14	147928392	109978
ENSG00000263956.5	148152322	128155
ENSG00000263956.5	148152322	128155
ENSG00000263956.5	148152322	128155
ENSG00000263956.5	148152322	128155
ENSG00000263956.5	148152322	150373
ENSG00000263956.5	148152322	150373
ENSG00000280649.1	148458813	124185
ENSG00000280649.1	148458813	124185
ENSG00000280649.1	148458813	70591
ENSG00000280649.1	148458813	70591
ENSG00000280649.1	148458813	70591
ENSG00000280649.1	148458813	56513
ENSG00000236334.2	148483679	38437
ENSG00000236334.2	148483679	38813
ENSG00000236334.2	148483679	38813
ENSG00000269713.7	149103561	58972
ENSG00000269713.7	149103561	58972
ENSG00000269713.7	149103561	58972
ENSG00000269713.7	149103561	124929
ENSG00000269713.7	149103561	126125
ENSG00000269713.7	149103561	126125
ENSG00000271383.6	149390622	330
ENSG00000263464.2	149583864	52405
ENSG00000263464.2	149583864	52405
ENSG00000263464.2	149583864	52405
ENSG00000272058.2	149702327	55849
ENSG00000272058.2	149702327	55849
ENSG00000136631.12	150067292	5679
ENSG00000023902.13	150149182	19771
ENSG00000143401.14	150236156	22660
ENSG00000143401.14	150236156	22660
ENSG00000118298.10	150257158	1381
ENSG00000118298.10	150257158	1381
ENSG00000159208.15	150282542	1179
ENSG00000143369.14	150508061	7048
ENSG00000143369.14	150508061	7048
ENSG00000143382.13	150549368	17167
ENSG00000143382.13	150549368	17167
ENSG00000143382.13	150549368	11287
ENSG00000143382.13	150549368	11610
ENSG00000143382.13	150549368	11610
ENSG00000143382.13	150549368	11610
ENSG00000143384.12	150579738	12005
ENSG00000143384.12	150579738	11622
ENSG00000143412.9	150982016	2627
ENSG00000143412.9	150982016	2627
ENSG00000143434.15	151146664	15570
ENSG00000143434.15	151146664	15570
ENSG00000163159.11	151195321	1058
ENSG00000143442.21	151459465	13771
ENSG00000143442.21	151459465	13771
ENSG00000143442.21	151459465	13771
ENSG00000143367.15	151540304	711
ENSG00000143365.16	151831872	705
ENSG00000159445.12	151909808	31346
ENSG00000159445.12	151909808	31346
ENSG00000159445.12	151909808	35984
ENSG00000197747.8	151994390	21641
ENSG00000197747.8	151994390	6598
ENSG00000197747.8	151994390	7202
ENSG00000215853.3	152159228	8629
ENSG00000215853.3	152159228	9331
ENSG00000215853.3	152159228	9331
ENSG00000215853.3	152159228	29443
ENSG00000215853.3	152159228	29443
ENSG00000215853.3	152159228	29940
ENSG00000143536.7	152414263	28503
ENSG00000143536.7	152414263	33893
ENSG00000143556.8	153460701	29569
ENSG00000143556.8	153460701	29569
ENSG00000143556.8	153460701	29569
ENSG00000197956.9	153536244	29489
ENSG00000197956.9	153536244	25270
ENSG00000197956.9	153536244	10843
ENSG00000197956.9	153536244	3094
ENSG00000197956.9	153536244	2437
ENSG00000196754.10	153567890	506
ENSG00000196754.10	153567890	506
ENSG00000196754.10	153567890	4639
ENSG00000169418.9	153678636	18572
ENSG00000169418.9	153678636	18572
ENSG00000169418.9	153678636	18572
ENSG00000169418.9	153678636	18572
ENSG00000143554.13	153774353	8891
ENSG00000143554.13	153774353	8891
ENSG00000143554.13	153774353	15766
ENSG00000143554.13	153774353	15766
ENSG00000143554.13	153774353	15766
ENSG00000143554.13	153774353	15766
ENSG00000143545.8	153986358	404
ENSG00000143515.16	154325552	173
ENSG00000143515.16	154325552	27161
ENSG00000143515.16	154325552	27474
ENSG00000143515.16	154325552	27474
ENSG00000163344.5	154936991	6814
ENSG00000160685.13	155002629	1924
ENSG00000160685.13	155002629	1924
ENSG00000160685.13	155002629	976
ENSG00000160685.13	155002629	976
ENSG00000160685.13	155002629	976
ENSG00000243364.7	155063730	930
ENSG00000143590.13	155078871	12624
ENSG00000143590.13	155078871	12624
ENSG00000143590.13	155078871	15148
ENSG00000169242.11	155127459	1279
ENSG00000169242.11	155127459	1279
ENSG00000169242.11	155127459	1279
ENSG00000163463.11	155173475	6670
ENSG00000163463.11	155173475	6670
ENSG00000163463.11	155173475	6670
ENSG00000163463.11	155173475	6670
ENSG00000185499.16	155192916	74
ENSG00000185499.16	155192916	74
ENSG00000185499.16	155192916	74
ENSG00000185499.16	155192916	1417
ENSG00000185499.16	155192916	1417
ENSG00000177628.15	155244699	17693
ENSG00000177628.15	155244699	17334
ENSG00000177628.15	155244699	17334
ENSG00000125459.14	155610204	38176
ENSG00000163374.19	155689000	56332
ENSG00000163374.19	155689000	56332
ENSG00000196189.12	156147365	6673
ENSG00000196189.12	156147365	6673
ENSG00000196189.12	156147365	6673
ENSG00000196189.12	156147365	1353
ENSG00000196189.12	156147365	641
ENSG00000125462.16	156430701	15145
ENSG00000125462.16	156430701	25762
ENSG00000125462.16	156430701	25762
ENSG00000125462.16	156430701	25762
ENSG00000125462.16	156430701	25762
ENSG00000116604.17	156500828	2012
ENSG00000116604.17	156500828	4159
ENSG00000116604.17	156500828	4159
ENSG00000116604.17	156500828	7604
ENSG00000116604.17	156500828	9812
ENSG00000160818.16	156601496	6628
ENSG00000132702.12	156619293	4198
ENSG00000132702.12	156619293	4198
ENSG00000132702.12	156619293	2966
ENSG00000132688.10	156677397	17414
ENSG00000132688.10	156677397	17414
ENSG00000132688.10	156677397	12510
ENSG00000132688.10	156677397	9958
ENSG00000132688.10	156677397	9958
ENSG00000132688.10	156677397	534
ENSG00000132688.10	156677397	11995
ENSG00000132688.10	156677397	11995
ENSG00000143320.8	156705816	858
ENSG00000143320.8	156705816	3982
ENSG00000187800.13	156893697	1556
ENSG00000132694.18	157045370	99
ENSG00000253831.1	157099808	25726
ENSG00000253831.1	157099808	25726
ENSG00000253831.1	157099808	9622
ENSG00000253831.1	157099808	9622
ENSG00000117036.11	157138474	17173
ENSG00000117036.11	157138474	17173
ENSG00000117036.11	157138474	17173
ENSG00000117036.11	157138474	171768
ENSG00000117036.11	157138474	171768
ENSG00000117036.11	157138474	171768
ENSG00000117036.11	157138474	173374
ENSG00000117036.11	157138474	173374
ENSG00000117036.11	157138474	173374
ENSG00000183853.17	157993272	27273
ENSG00000183853.17	157993272	8739
ENSG00000183853.17	157993272	1255
ENSG00000183853.17	157993272	1255
ENSG00000158473.6	158179946	66554
ENSG00000158473.6	158179946	66554
ENSG00000158473.6	158179946	62093
ENSG00000158473.6	158179946	62093
ENSG00000158473.6	158179946	30293
ENSG00000158473.6	158179946	30293
ENSG00000158473.6	158179946	2339
ENSG00000158473.6	158179946	2339
ENSG00000158473.6	158179946	2339
ENSG00000163565.18	158999967	1403
ENSG00000163565.18	158999967	1403
ENSG00000163565.18	158999967	1403
ENSG00000162706.12	159171608	10552
ENSG00000162706.12	159171608	10552
ENSG00000162723.9	159954254	6491
ENSG00000162723.9	159954254	6491
ENSG00000162723.9	159954254	35353
ENSG00000162729.13	160098943	2095
ENSG00000162729.13	160098943	3345
ENSG00000143318.12	160190555	811
ENSG00000171786.5	160367066	8366
ENSG00000171786.5	160367066	9503
ENSG00000188931.3	161367874	14305
ENSG00000188931.3	161367874	14305
ENSG00000188931.3	161367874	21759
ENSG00000188931.3	161367874	21759
ENSG00000188931.3	161367874	21759
ENSG00000188931.3	161367874	21759
ENSG00000188931.3	161367874	31191
ENSG00000188931.3	161367874	31191
ENSG00000188931.3	161367874	31191
ENSG00000188931.3	161367874	31191
ENSG00000188931.3	161367874	54107
ENSG00000173110.7	161524539	5758
ENSG00000173110.7	161524539	5758
ENSG00000173110.7	161524539	5758
ENSG00000162747.9	161631963	19894
ENSG00000118217.5	161766293	1044
ENSG00000162745.10	162023854	50912
ENSG00000162745.10	162023854	50053
ENSG00000162745.10	162023854	50053
ENSG00000162745.10	162023854	9679
ENSG00000198929.12	162069773	13766
ENSG00000198929.12	162069773	7291
ENSG00000198929.12	162069773	7291
ENSG00000117143.13	162561505	20126
ENSG00000117143.13	162561505	20126
ENSG00000117143.13	162561505	13338
ENSG00000162733.16	162631372	17901
ENSG00000162733.16	162631372	17901
ENSG00000162733.16	162631372	5171
ENSG00000162733.16	162631372	5171
ENSG00000162733.16	162631372	335
ENSG00000132196.13	162790701	31671
ENSG00000117152.13	163068774	35802
ENSG00000143248.12	163321791	59818
ENSG00000143248.12	163321791	85008
ENSG00000143248.12	163321791	114438
ENSG00000143248.12	163321791	118257
ENSG00000143248.12	163321791	216966
ENSG00000143248.12	163321791	216966
ENSG00000143248.12	163321791	352045
ENSG00000143248.12	163321791	553777
ENSG00000185630.18	164555583	259769
ENSG00000185630.18	164555583	259769
ENSG00000185630.18	164555583	234669
ENSG00000185630.18	164555583	234338
ENSG00000185630.18	164555583	185808
ENSG00000185630.18	164555583	115293
ENSG00000185630.18	164555583	372672
ENSG00000185630.18	164555583	373462
ENSG00000185630.18	164555583	394120
ENSG00000185630.18	164555583	394120
ENSG00000185630.18	164555583	394120
ENSG00000185630.18	164555583	394120
ENSG00000185630.18	164555583	394120
ENSG00000162761.14	165356715	373818
ENSG00000162761.14	165356715	293510
ENSG00000162761.14	165356715	293510
ENSG00000162761.14	165356715	293510
ENSG00000162761.14	165356715	283235
ENSG00000162761.14	165356715	8032
ENSG00000162761.14	165356715	19283
ENSG00000162761.14	165356715	19283
ENSG00000162761.14	165356715	19283
ENSG00000162761.14	165356715	26422
ENSG00000162761.14	165356715	35969
ENSG00000162761.14	165356715	35969
ENSG00000143198.12	165630860	32908
ENSG00000143198.12	165630860	32908
ENSG00000152382.5	166876327	8028
ENSG00000152382.5	166876327	8028
ENSG00000198842.9	167094044	49933
ENSG00000198771.10	167630092	29939
ENSG00000198771.10	167630092	29939
ENSG00000198771.10	167630092	12646
ENSG00000198771.10	167630092	12646
ENSG00000197965.11	167721191	6957
ENSG00000197965.11	167721191	6957
ENSG00000197965.11	167721191	6293
ENSG00000197965.11	167721191	6293
ENSG00000197965.11	167721191	5729
ENSG00000197965.11	167721191	75763
ENSG00000143147.14	168137667	11362
ENSG00000143178.12	168281039	39665
ENSG00000143178.12	168281039	39665
ENSG00000143178.12	168281039	39665
ENSG00000143178.12	168281039	61321
ENSG00000143178.12	168281039	61321
ENSG00000143178.12	168281039	90578
ENSG00000143178.12	168281039	110775
ENSG00000143178.12	168281039	111099
ENSG00000143185.3	168543997	115962
ENSG00000143185.3	168543997	104563
ENSG00000143185.3	168543997	104563
ENSG00000143185.3	168543997	74382
ENSG00000143185.3	168543997	62293
ENSG00000143185.3	168543997	58870
ENSG00000143185.3	168543997	55873
ENSG00000143185.3	168543997	45816
ENSG00000143185.3	168543997	30142
ENSG00000143184.4	168576472	32734
ENSG00000143184.4	168576472	32734
ENSG00000143184.4	168576472	37266
ENSG00000143184.4	168576472	60187
ENSG00000143196.4	168729264	40601
ENSG00000143196.4	168729264	40601
ENSG00000143196.4	168729264	39229
ENSG00000143196.4	168729264	39229
ENSG00000143196.4	168729264	39229
ENSG00000143196.4	168729264	38632
ENSG00000143196.4	168729264	44933
ENSG00000143196.4	168729264	54623
ENSG00000143196.4	168729264	150777
ENSG00000143196.4	168729264	150777
ENSG00000143196.4	168729264	163996
ENSG00000143196.4	168729264	163996
ENSG00000143153.12	169105696	185002
ENSG00000143153.12	169105696	185002
ENSG00000143153.12	169105696	185002
ENSG00000117479.12	169486003	25374
ENSG00000117479.12	169486003	25374
ENSG00000203740.3	170146000	75053
ENSG00000120370.12	170532128	30946
ENSG00000117501.14	170935470	5807
ENSG00000117501.14	170935470	5807
ENSG00000117501.14	170935470	5807
ENSG00000007933.12	171090876	9425
ENSG00000094963.13	171185207	43713
ENSG00000094963.13	171185207	43713
ENSG00000094963.13	171185207	43713
ENSG00000094963.13	171185207	43713
ENSG00000034971.14	171652683	2594
ENSG00000034971.14	171652683	10701
ENSG00000034971.14	171652683	13779
ENSG00000034971.14	171652683	22069
ENSG00000034971.14	171652683	22069
ENSG00000117560.7	172659017	87150
ENSG00000117560.7	172659017	87150
ENSG00000117560.7	172659017	167046
ENSG00000117560.7	172659017	167046
ENSG00000120337.8	173050963	117197
ENSG00000120337.8	173050963	117197
ENSG00000120337.8	173050963	71949
ENSG00000120337.8	173050963	71949
ENSG00000117592.8	173477265	47743
ENSG00000117592.8	173477265	47436
ENSG00000117592.8	173477265	45994
ENSG00000117592.8	173477265	25284
ENSG00000135870.11	174022297	518
ENSG00000120333.4	175023425	6177
ENSG00000235750.9	175192999	42267
ENSG00000235750.9	175192999	7702
ENSG00000235750.9	175192999	7702
ENSG00000235750.9	175192999	7702
ENSG00000235750.9	175192999	56696
ENSG00000235750.9	175192999	56696
ENSG00000235750.9	175192999	74652
ENSG00000235750.9	175192999	74652
ENSG00000152092.15	177164973	318106
ENSG00000198797.6	177171496	170231
ENSG00000120341.18	177984303	53222
ENSG00000120341.18	177984303	53222
ENSG00000075391.16	178094140	36178
ENSG00000075391.16	178094140	36178
ENSG00000240021.9	178513076	26358
ENSG00000240021.9	178513076	80511
ENSG00000240021.9	178513076	80511
ENSG00000240021.9	178513076	80511
ENSG00000116194.12	178871052	60840
ENSG00000116194.12	178871052	60840
ENSG00000116194.12	178871052	60840
ENSG00000116194.12	178871052	61957
ENSG00000116194.12	178871052	61957
ENSG00000116194.12	178871052	67580
ENSG00000116194.12	178871052	67580
ENSG00000116194.12	178871052	67580
ENSG00000116194.12	178871052	74986
ENSG00000116199.11	179025803	72853
ENSG00000116199.11	179025803	23304
ENSG00000116199.11	179025803	23304
ENSG00000116199.11	179025803	23304
ENSG00000116199.11	179025803	23304
ENSG00000116199.11	179025803	8679
ENSG00000162782.15	179591612	5443
ENSG00000162782.15	179591612	5443
ENSG00000162782.15	179591612	5443
ENSG00000143340.6	179743162	33344
ENSG00000121454.5	180230285	1063
ENSG00000135835.10	180913153	40736
ENSG00000135835.10	180913153	40736
ENSG00000162783.10	181088711	14944
ENSG00000162783.10	181088711	6238
ENSG00000162783.10	181088711	7550
ENSG00000162783.10	181088711	15874
ENSG00000162783.10	181088711	15874
ENSG00000162783.10	181088711	15874
ENSG00000162783.10	181088711	23711
ENSG00000162783.10	181088711	46165
ENSG00000162783.10	181088711	46165
ENSG00000162783.10	181088711	53626
ENSG00000162783.10	181088711	64182
ENSG00000162783.10	181088711	77711
ENSG00000162783.10	181088711	91310
ENSG00000162783.10	181088711	101220
ENSG00000162783.10	181088711	101220
ENSG00000198216.10	181413101	26654
ENSG00000179930.5	182061712	32396
ENSG00000179930.5	182061712	32396
ENSG00000179930.5	182061712	81539
ENSG00000179930.5	182061712	82176
ENSG00000179930.5	182061712	82176
ENSG00000179930.5	182061712	135581
ENSG00000179930.5	182061712	135581
ENSG00000179930.5	182061712	145185
ENSG00000135821.16	182392206	112448
ENSG00000135821.16	182392206	112448
ENSG00000135821.16	182392206	102283
ENSG00000135821.16	182392206	43248
ENSG00000135821.16	182392206	41294
ENSG00000135821.16	182392206	40384
ENSG00000203730.2	182400616	3836
ENSG00000143333.6	182604408	10368
ENSG00000143333.6	182604408	10368
ENSG00000143333.6	182604408	11756
ENSG00000143333.6	182604408	11756
ENSG00000157060.14	182953525	9011
ENSG00000058085.14	183186237	38511
ENSG00000058085.14	183186237	37639
ENSG00000058085.14	183186237	37639
ENSG00000058085.14	183186237	5918
ENSG00000058085.14	183186237	5381
ENSG00000116698.20	183472215	2078
ENSG00000116701.14	183590876	7469
ENSG00000116701.14	183590876	18395
ENSG00000198860.11	184051676	23406
ENSG00000198860.11	184051676	23406
ENSG00000198860.11	184051676	139612
ENSG00000116667.12	184387057	103120
ENSG00000116667.12	184387057	90453
ENSG00000116667.12	184387057	56733
ENSG00000116667.12	184387057	56733
ENSG00000116667.12	184387057	20089
ENSG00000116667.12	184387057	20089
ENSG00000116667.12	184387057	20089
ENSG00000116406.18	184754913	125086
ENSG00000116406.18	184754913	125086
ENSG00000116406.18	184754913	122108
ENSG00000116406.18	184754913	122108
ENSG00000116406.18	184754913	91458
ENSG00000116406.18	184754913	91458
ENSG00000116406.18	184754913	91458
ENSG00000143341.11	185734550	88197
ENSG00000073756.11	186680427	53552
ENSG00000162670.10	190478404	516119
ENSG00000150681.9	192158456	789389
ENSG00000150681.9	192158456	789389
ENSG00000150681.9	192158456	787006
ENSG00000150681.9	192158456	787006
ENSG00000150681.9	192158456	446379
ENSG00000150681.9	192158456	445975
ENSG00000150681.9	192158456	335036
ENSG00000150681.9	192158456	335036
ENSG00000090104.11	192575726	99001
ENSG00000090104.11	192575726	99001
ENSG00000090104.11	192575726	89992
ENSG00000090104.11	192575726	85959
ENSG00000090104.11	192575726	45401
ENSG00000090104.11	192575726	44653
ENSG00000090104.11	192575726	35883
ENSG00000090104.11	192575726	16222
ENSG00000090104.11	192575726	4739
ENSG00000090104.11	192575726	16951
ENSG00000090104.11	192575726	17485
ENSG00000127074.14	192636137	26947
ENSG00000127074.14	192636137	86127
ENSG00000127074.14	192636137	86127
ENSG00000127074.14	192636137	86127
ENSG00000116741.7	192809038	20938
ENSG00000116741.7	192809038	7982
ENSG00000116741.7	192809038	7982
ENSG00000116741.7	192809038	69101
ENSG00000116741.7	192809038	80999
ENSG00000116741.7	192809038	80999
ENSG00000116741.7	192809038	98564
ENSG00000116741.7	192809038	104744
ENSG00000116741.7	192809038	104744
ENSG00000116741.7	192809038	111450
ENSG00000116747.12	193059421	107451
ENSG00000023572.8	193106114	5559
ENSG00000134371.9	193122016	6355
ENSG00000162630.5	193186654	155192
ENSG00000162630.5	193186654	222122
ENSG00000162630.5	193186654	222122
ENSG00000162630.5	193186654	231849
ENSG00000162630.5	193186654	882754
ENSG00000177888.7	197200542	297
ENSG00000177888.7	197200542	297
ENSG00000177888.7	197200542	1400
ENSG00000081237.18	198638670	298541
ENSG00000116833.13	200027601	156633
ENSG00000162702.7	200410056	107878
ENSG00000162702.7	200410056	107878
ENSG00000162702.7	200410056	107878
ENSG00000162702.7	200410056	92725
ENSG00000162702.7	200410056	5922
ENSG00000162702.7	200410056	63879
ENSG00000162702.7	200410056	63879
ENSG00000118193.11	200620734	481
ENSG00000159173.18	201429866	5719
ENSG00000159173.18	201429866	18149
ENSG00000159173.18	201429866	19137
ENSG00000174307.6	201469237	18568
ENSG00000174307.6	201469237	18568
ENSG00000174307.6	201469237	12575
ENSG00000174307.6	201469237	12575
ENSG00000174307.6	201469237	8245
ENSG00000174307.6	201469237	7546
ENSG00000174307.6	201469237	7546
ENSG00000174307.6	201469237	11270
ENSG00000174307.6	201469237	11270
ENSG00000174307.6	201469237	12483
ENSG00000174307.6	201469237	12483
ENSG00000174307.6	201469237	12483
ENSG00000174307.6	201469237	12483
ENSG00000159176.13	201509456	2644
ENSG00000159176.13	201509456	3324
ENSG00000159176.13	201509456	3324
ENSG00000159176.13	201509456	21349
ENSG00000159176.13	201509456	25627
ENSG00000159176.13	201509456	26322
ENSG00000159176.13	201509456	29292
ENSG00000159176.13	201509456	29292
ENSG00000159176.13	201509456	43397
ENSG00000159176.13	201509456	50055
ENSG00000159176.13	201509456	50055
ENSG00000159176.13	201509456	53257
ENSG00000159176.13	201509456	55906
ENSG00000134369.15	201622884	38426
ENSG00000134369.15	201622884	29560
ENSG00000134369.15	201622884	19960
ENSG00000198892.6	201888679	6654
ENSG00000198892.6	201888679	7068
ENSG00000198892.6	201888679	7068
ENSG00000163431.12	201946588	571
ENSG00000163431.12	201946588	571
ENSG00000176393.10	201982371	10158
ENSG00000176393.10	201982371	9768
ENSG00000170075.8	202122857	37630
ENSG00000117139.16	202809470	1046
ENSG00000117139.16	202809470	1046
ENSG00000183155.4	202889135	30753
ENSG00000183155.4	202889135	27630
ENSG00000183155.4	202889135	27630
ENSG00000183155.4	202889135	27630
ENSG00000133048.12	203186749	13359
ENSG00000133063.15	203273641	1345
ENSG00000133063.15	203273641	4646
ENSG00000159388.5	203305490	15074
ENSG00000159388.5	203305490	15074
ENSG00000159388.5	203305490	11127
ENSG00000159388.5	203305490	11127
ENSG00000159388.5	203305490	21630
ENSG00000159388.5	203305490	21630
ENSG00000159388.5	203305490	21630
ENSG00000122176.10	203351489	17417
ENSG00000122176.10	203351489	22544
ENSG00000122176.10	203351489	28454
ENSG00000122176.10	203351489	28454
ENSG00000122176.10	203351489	51126
ENSG00000122176.10	203351489	54204
ENSG00000122176.10	203351489	55114
ENSG00000122176.10	203351489	56917
ENSG00000122176.10	203351489	56917
ENSG00000188783.5	203475827	35010
ENSG00000188783.5	203475827	31675
ENSG00000188783.5	203475827	28206
ENSG00000188783.5	203475827	27208
ENSG00000188783.5	203475827	23804
ENSG00000188783.5	203475827	12362
ENSG00000188783.5	203475827	12362
ENSG00000188783.5	203475827	12362
ENSG00000188783.5	203475827	10846
ENSG00000188783.5	203475827	9895
ENSG00000188770.9	203494142	18706
ENSG00000188770.9	203494142	18706
ENSG00000188770.9	203494142	19871
ENSG00000188770.9	203494142	39868
ENSG00000188770.9	203494142	40226
ENSG00000188770.9	203494142	40226
ENSG00000188770.9	203494142	50231
ENSG00000188770.9	203494142	50231
ENSG00000188770.9	203494142	50231
ENSG00000188770.9	203494142	61888
ENSG00000188770.9	203494142	61888
ENSG00000188770.9	203494142	63341
ENSG00000188770.9	203494142	64229
ENSG00000058668.14	203626560	34681
ENSG00000058668.14	203626560	34681
ENSG00000058668.14	203626560	29022
ENSG00000058668.14	203626560	29022
ENSG00000058668.14	203626560	29022
ENSG00000058668.14	203626560	25430
ENSG00000058668.14	203626560	17197
ENSG00000122188.12	203765175	21055
ENSG00000182004.12	203861602	9551
ENSG00000143842.14	204073114	76286
ENSG00000143842.14	204073114	76286
ENSG00000143842.14	204073114	31920
ENSG00000143842.14	204073114	31210
ENSG00000143845.14	204152003	23072
ENSG00000143845.14	204152003	23072
ENSG00000143845.14	204152003	22336
ENSG00000158615.8	204411791	5351
ENSG00000158615.8	204411791	5351
ENSG00000198625.12	204516378	10251
ENSG00000198625.12	204516378	10251
ENSG00000198625.12	204516378	10251
ENSG00000198625.12	204516378	9563
ENSG00000198625.12	204516378	9563
ENSG00000170382.11	204685733	12216
ENSG00000170382.11	204685733	17457
ENSG00000170382.11	204685733	17457
ENSG00000163531.15	204828650	64921
ENSG00000163531.15	204828650	14408
ENSG00000163531.15	204828650	14408
ENSG00000163531.15	204828650	9586
ENSG00000163531.15	204828650	7184
ENSG00000163531.15	204828650	7184
ENSG00000163531.15	204828650	7184
ENSG00000117222.13	205122015	19446
ENSG00000117222.13	205122015	19446
ENSG00000117222.13	205122015	19446
ENSG00000163545.8	205321791	37122
ENSG00000163545.8	205321791	37122
ENSG00000163545.8	205321791	36238
ENSG00000163545.8	205321791	27385
ENSG00000163545.8	205321791	20385
ENSG00000162873.14	205357090	19196
ENSG00000174514.12	205568884	25557
ENSG00000174514.12	205568884	25557
ENSG00000174514.12	205568884	25557
ENSG00000158711.13	205631962	16469
ENSG00000117280.12	205775460	8149
ENSG00000117280.12	205775460	8149
ENSG00000266094.6	206507529	6385
ENSG00000143479.15	206635535	1189
ENSG00000162891.10	206865353	6562
ENSG00000162891.10	206865353	6562
ENSG00000117335.18	207752056	45344
ENSG00000117335.18	207752056	53788
ENSG00000117335.18	207752056	59882
ENSG00000117335.18	207752056	64659
ENSG00000117335.18	207752056	70596
ENSG00000117335.18	207752056	71691
ENSG00000117335.18	207752056	73662
ENSG00000117335.18	207752056	76562
ENSG00000117335.18	207752056	79491
ENSG00000174059.16	207911402	72906
ENSG00000174059.16	207911402	63090
ENSG00000174059.16	207911402	44828
ENSG00000174059.16	207911402	44828
ENSG00000174059.16	207911402	44041
ENSG00000174059.16	207911402	43152
ENSG00000174059.16	207911402	42682
ENSG00000174059.16	207911402	42682
ENSG00000174059.16	207911402	7201
ENSG00000174059.16	207911402	8433
ENSG00000174059.16	207911402	13787
ENSG00000174059.16	207911402	13787
ENSG00000174059.16	207911402	30363
ENSG00000174059.16	207911402	47709
ENSG00000174059.16	207911402	51422
ENSG00000174059.16	207911402	51422
ENSG00000174059.16	207911402	51422
ENSG00000076356.6	208244320	757
ENSG00000076356.6	208244320	757
ENSG00000076356.6	208244320	25016
ENSG00000008118.9	209583716	594952
ENSG00000008118.9	209583716	594952
ENSG00000008118.9	209583716	376235
ENSG00000008118.9	209583716	376235
ENSG00000008118.9	209583716	317178
ENSG00000008118.9	209583716	317178
ENSG00000008118.9	209583716	317178
ENSG00000008118.9	209583716	317178
ENSG00000008118.9	209583716	234027
ENSG00000008118.9	209583716	234027
ENSG00000008118.9	209583716	214496
ENSG00000009790.14	209756031	13523
ENSG00000009790.14	209756031	13523
ENSG00000009790.14	209756031	8479
ENSG00000082497.11	210232798	9659
ENSG00000082497.11	210232798	636
ENSG00000082497.11	210232798	18314
ENSG00000082497.11	210232798	18314
ENSG00000082497.11	210232798	25277
ENSG00000082497.11	210232798	29324
ENSG00000082497.11	210232798	29324
ENSG00000082497.11	210232798	29324
ENSG00000054392.12	210328251	35912
ENSG00000054392.12	210328251	35246
ENSG00000054392.12	210328251	35246
ENSG00000054392.12	210328251	33182
ENSG00000054392.12	210328251	25733
ENSG00000054392.12	210328251	17055
ENSG00000054392.12	210328251	16228
ENSG00000054392.12	210328251	16228
ENSG00000082512.14	211326614	55986
ENSG00000082512.14	211326614	55986
ENSG00000198570.5	211492917	76664
ENSG00000198570.5	211492917	76664
ENSG00000198570.5	211492917	76664
ENSG00000198570.5	211492917	22963
ENSG00000198570.5	211492917	8830
ENSG00000198570.5	211492917	8830
ENSG00000198570.5	211492917	21110
ENSG00000198570.5	211492917	22449
ENSG00000170385.9	211578742	34624
ENSG00000170385.9	211578742	37928
ENSG00000117650.12	211675630	42614
ENSG00000066027.11	212285536	50947
ENSG00000117691.9	212432886	37103
ENSG00000117691.9	212432886	44102
ENSG00000117691.9	212432886	44102
ENSG00000117691.9	212432886	55726
ENSG00000117691.9	212432886	55726
ENSG00000162772.16	212565333	51067
ENSG00000162772.16	212565333	51067
ENSG00000162772.16	212565333	50462
ENSG00000162772.16	212565333	19404
ENSG00000162772.16	212565333	7047
ENSG00000162772.16	212565333	7047
ENSG00000162771.7	212624473	12109
ENSG00000162771.7	212624473	14262
ENSG00000123685.8	212699985	34684
ENSG00000123685.8	212699985	34684
ENSG00000123685.8	212699985	382
ENSG00000123685.8	212699985	382
ENSG00000123685.8	212699985	382
ENSG00000143494.15	212950519	25737
ENSG00000143494.15	212950519	25737
ENSG00000136643.11	213051232	405937
ENSG00000136643.11	213051232	405937
ENSG00000117707.15	213983180	258032
ENSG00000143499.13	214281101	56452
ENSG00000143499.13	214281101	56452
ENSG00000143499.13	214281101	56528
ENSG00000143499.13	214281101	56528
ENSG00000143499.13	214281101	57186
ENSG00000136636.12	215567391	27774
ENSG00000136636.12	215567391	27774
ENSG00000136636.12	215567391	27774
ENSG00000136636.12	215567391	22736
ENSG00000196482.16	217137755	193798
ENSG00000196482.16	217137755	193798
ENSG00000067533.5	218285286	121146
ENSG00000067533.5	218285286	121146
ENSG00000067533.5	218285286	121146
ENSG00000067533.5	218285286	121146
ENSG00000067533.5	218285286	119907
ENSG00000092969.11	218346234	113767
ENSG00000092969.11	218346234	113767
ENSG00000092969.11	218346234	113767
ENSG00000092969.11	218346234	133604
ENSG00000092969.11	218346234	133604
ENSG00000092969.11	218346234	152441
ENSG00000092969.11	218346234	152798
ENSG00000092969.11	218346234	319038
ENSG00000143353.11	219173843	282200
ENSG00000143353.11	219173843	282200
ENSG00000143353.11	219173843	124733
ENSG00000143353.11	219173843	124733
ENSG00000196660.10	219958647	297737
ENSG00000196660.10	219958647	297737
ENSG00000118873.15	220272454	28000
ENSG00000118873.15	220272454	28000
ENSG00000116141.15	220528182	877
ENSG00000116141.15	220528182	877
ENSG00000117791.15	220748224	15442
ENSG00000117791.15	220748224	15180
ENSG00000186205.12	220786758	42225
ENSG00000136630.12	220879399	35970
ENSG00000136630.12	220879399	8048
ENSG00000136630.12	220879399	14608
ENSG00000136630.12	220879399	14608
ENSG00000136630.12	220879399	49577
ENSG00000136630.12	220879399	112555
ENSG00000136630.12	220879399	112555
ENSG00000136630.12	220879399	150577
ENSG00000136630.12	220879399	150577
ENSG00000136630.12	220879399	153417
ENSG00000136630.12	220879399	324075
ENSG00000136630.12	220879399	324075
ENSG00000136630.12	220879399	324075
ENSG00000136630.12	220879399	348501
ENSG00000136630.12	220879399	351176
ENSG00000143507.17	221742176	426799
ENSG00000143507.17	221742176	426799
ENSG00000143507.17	221742176	406926
ENSG00000143507.17	221742176	406926
ENSG00000143507.17	221742176	406926
ENSG00000143507.17	221742176	322735
ENSG00000143507.17	221742176	322735
ENSG00000143507.17	221742176	306687
ENSG00000143507.17	221742176	301849
ENSG00000143507.17	221742176	301849
ENSG00000143507.17	221742176	301849
ENSG00000143507.17	221742176	293809
ENSG00000143507.17	221742176	293809
ENSG00000143507.17	221742176	284059
ENSG00000143507.17	221742176	284059
ENSG00000143507.17	221742176	129713
ENSG00000143507.17	221742176	103655
ENSG00000143507.17	221742176	103655
ENSG00000143507.17	221742176	144578
ENSG00000143507.17	221742176	144930
ENSG00000143507.17	221742176	301323
ENSG00000143507.17	221742176	301323
ENSG00000143507.17	221742176	301323
ENSG00000143512.12	222548103	93371
ENSG00000143512.12	222548103	93371
ENSG00000143512.12	222548103	82889
ENSG00000197520.10	222737206	20299
ENSG00000197520.10	222737206	20299
ENSG00000197520.10	222737206	31344
ENSG00000197520.10	222737206	31344
ENSG00000154309.8	222872270	57929
ENSG00000154309.8	222872270	57929
ENSG00000154309.8	222872270	57929
ENSG00000154309.8	222872270	57929
ENSG00000154309.8	222872270	42287
ENSG00000187554.11	223143282	111750
ENSG00000187554.11	223143282	111750
ENSG00000187554.11	223143282	91349
ENSG00000187554.11	223143282	68777
ENSG00000187554.11	223143282	62049
ENSG00000187554.11	223143282	62049
ENSG00000187554.11	223143282	58925
ENSG00000187554.11	223143282	53161
ENSG00000187554.11	223143282	37579
ENSG00000178395.6	223393416	35852
ENSG00000178395.6	223393416	36783
ENSG00000162909.17	223701592	3272
ENSG00000143756.11	224114086	121786
ENSG00000143753.12	224175755	27514
ENSG00000143753.12	224175755	28985
ENSG00000143753.12	224175755	28985
ENSG00000143753.12	224175755	29712
ENSG00000143753.12	224175755	47564
ENSG00000143753.12	224175755	47564
ENSG00000143753.12	224175755	47564
ENSG00000185842.14	224896261	22659
ENSG00000185842.14	224896261	22659
ENSG00000143815.14	225428925	15971
ENSG00000143815.14	225428925	18433
ENSG00000143815.14	225428925	18433
ENSG00000143815.14	225428925	25046
ENSG00000143815.14	225428925	31178
ENSG00000143815.14	225428925	31178
ENSG00000143815.14	225428925	32591
ENSG00000143815.14	225428925	45880
ENSG00000143815.14	225428925	45880
ENSG00000143815.14	225428925	45880
ENSG00000143815.14	225428925	55150
ENSG00000143815.14	225428925	55150
ENSG00000154380.17	225653142	2369
ENSG00000154380.17	225653142	8820
ENSG00000154380.17	225653142	8820
ENSG00000143742.12	225777812	42184
ENSG00000143742.12	225777812	32652
ENSG00000143742.12	225777812	31146
ENSG00000143742.12	225777812	31146
ENSG00000143742.12	225777812	14041
ENSG00000143742.12	225777812	10893
ENSG00000143742.12	225777812	5491
ENSG00000143751.9	225999331	23327
ENSG00000143751.9	225999331	2905
ENSG00000143751.9	225999331	2905
ENSG00000163041.9	226061850	27518
ENSG00000163041.9	226061850	21070
ENSG00000163041.9	226061850	21070
ENSG00000163041.9	226061850	21070
ENSG00000163041.9	226061850	21070
ENSG00000163041.9	226061850	47703
ENSG00000163041.9	226061850	47703
ENSG00000163041.9	226061850	47703
ENSG00000163041.9	226061850	47703
ENSG00000163041.9	226061850	47703
ENSG00000163041.9	226061850	59528
ENSG00000163041.9	226061850	59528
ENSG00000163041.9	226061850	59528
ENSG00000182827.8	226186730	51888
ENSG00000182827.8	226186730	51888
ENSG00000182827.8	226186730	51888
ENSG00000183814.15	226309869	43257
ENSG00000203685.9	226548799	1031
ENSG00000203685.9	226548799	77484
ENSG00000203685.9	226548799	77484
ENSG00000143772.9	226739323	39150
ENSG00000143772.9	226739323	44795
ENSG00000143772.9	226739323	44795
ENSG00000143772.9	226739323	60563
ENSG00000143801.16	226870183	55457
ENSG00000143801.16	226870183	55457
ENSG00000143801.16	226870183	55457
ENSG00000143801.16	226870183	48950
ENSG00000143801.16	226870183	48950
ENSG00000143801.16	226870183	42850
ENSG00000143801.16	226870183	42850
ENSG00000143801.16	226870183	42254
ENSG00000163050.16	226897535	91675
ENSG00000143776.18	227318474	113293
ENSG00000143776.18	227318474	113293
ENSG00000181450.17	227563542	21791
ENSG00000181450.17	227563542	21791
ENSG00000181450.17	227563542	21791
ENSG00000185888.5	227815692	28175
ENSG00000185888.5	227815692	27777
ENSG00000185888.5	227815692	27777
ENSG00000185888.5	227815692	21213
ENSG00000143816.7	227947898	60916
ENSG00000143816.7	227947898	60916
ENSG00000143816.7	227947898	60916
ENSG00000143816.7	227947898	52099
ENSG00000198835.3	228149851	452
ENSG00000168159.10	228487060	13932
ENSG00000168159.10	228487060	13932
ENSG00000168159.10	228487060	13932
ENSG00000116574.5	228735076	17733
ENSG00000116574.5	228735076	60596
ENSG00000116574.5	228735076	63412
ENSG00000116574.5	228735076	67385
ENSG00000116574.5	228735076	103180
ENSG00000116574.5	228735076	103180
ENSG00000116574.5	228735076	164945
ENSG00000116574.5	228735076	164945
ENSG00000116574.5	228735076	164945
ENSG00000116574.5	228735076	167808
ENSG00000116574.5	228735076	167808
ENSG00000116574.5	228735076	167808
ENSG00000116574.5	228735076	168717
ENSG00000116574.5	228735076	202848
ENSG00000116574.5	228735076	229142
ENSG00000116574.5	228735076	254884
ENSG00000116574.5	228735076	254884
ENSG00000177800.2	229249635	246188
ENSG00000177800.2	229249635	246188
ENSG00000177800.2	229249635	224895
ENSG00000177800.2	229249635	190905
ENSG00000177800.2	229249635	189983
ENSG00000177800.2	229249635	189983
ENSG00000177800.2	229249635	187512
ENSG00000177800.2	229249635	179476
ENSG00000177800.2	229249635	140636
ENSG00000177800.2	229249635	140128
ENSG00000177800.2	229249635	134631
ENSG00000177800.2	229249635	133714
ENSG00000177800.2	229249635	133714
ENSG00000177800.2	229249635	49594
ENSG00000177800.2	229249635	44714
ENSG00000177800.2	229249635	44714
ENSG00000177800.2	229249635	44714
ENSG00000177800.2	229249635	19915
ENSG00000143632.14	229434098	22994
ENSG00000069248.11	229508341	586
ENSG00000135776.4	229558695	5070
ENSG00000135776.4	229558695	20430
ENSG00000135776.4	229558695	20430
ENSG00000135763.9	229626233	67808
ENSG00000135763.9	229626233	73490
ENSG00000143641.9	230057989	170524
ENSG00000135773.12	230747383	59429
ENSG00000135773.12	230747383	59429
ENSG00000135773.12	230747383	60626
ENSG00000119280.16	230869589	44504
ENSG00000119280.16	230869589	8989
ENSG00000116903.7	231337852	19999
ENSG00000116903.7	231337852	19999
ENSG00000116991.10	232561558	419197
ENSG00000116991.10	232561558	419197
ENSG00000116991.10	232561558	419197
ENSG00000116991.10	232561558	313773
ENSG00000116991.10	232561558	273827
ENSG00000116991.10	232561558	273827
ENSG00000116991.10	232561558	273827
ENSG00000116991.10	232561558	270242
ENSG00000116991.10	232561558	255297
ENSG00000116991.10	232561558	255297
ENSG00000116991.10	232561558	13494
ENSG00000116991.10	232561558	13494
ENSG00000116991.10	232561558	14008
ENSG00000116991.10	232561558	58746
ENSG00000116991.10	232561558	58746
ENSG00000116991.10	232561558	68261
ENSG00000116991.10	232561558	68261
ENSG00000116991.10	232561558	68261
ENSG00000116991.10	232561558	68261
ENSG00000116991.10	232561558	113813
ENSG00000212916.4	232804891	121206
ENSG00000212916.4	232804891	111769
ENSG00000212916.4	232804891	100431
ENSG00000212916.4	232804891	100431
ENSG00000212916.4	232804891	37588
ENSG00000212916.4	232804891	37588
ENSG00000059588.9	234479103	7610
ENSG00000059588.9	234479103	19792
ENSG00000059588.9	234479103	19792
ENSG00000059588.9	234479103	20668
ENSG00000059588.9	234479103	44430
ENSG00000059588.9	234479103	52593
ENSG00000059588.9	234479103	53983
ENSG00000059588.9	234479103	53983
ENSG00000059588.9	234479103	54853
ENSG00000059588.9	234479103	56681
ENSG00000059588.9	234479103	64314
ENSG00000059588.9	234479103	64879
ENSG00000059588.9	234479103	64879
ENSG00000059588.9	234479103	64879
ENSG00000059588.9	234479103	64879
ENSG00000168264.10	234609525	54707
ENSG00000168264.10	234609525	23865
ENSG00000168264.10	234609525	19619
ENSG00000168264.10	234609525	10002
ENSG00000168264.10	234609525	10002
ENSG00000168264.10	234609525	573
ENSG00000168264.10	234609525	1120
ENSG00000168264.10	234609525	1120
ENSG00000168264.10	234609525	1120
ENSG00000168264.10	234609525	3145
ENSG00000168264.10	234609525	66560
ENSG00000168264.10	234609525	66560
ENSG00000168264.10	234609525	74701
ENSG00000279261.1	234760056	59839
ENSG00000279261.1	234760056	58168
ENSG00000279261.1	234760056	57865
ENSG00000279261.1	234760056	43735
ENSG00000279261.1	234760056	43239
ENSG00000279261.1	234760056	36709
ENSG00000279261.1	234760056	36383
ENSG00000279261.1	234760056	36045
ENSG00000279261.1	234760056	36045
ENSG00000279261.1	234760056	16209
ENSG00000279261.1	234760056	12410
ENSG00000279261.1	234760056	40938
ENSG00000279261.1	234760056	40938
ENSG00000279261.1	234760056	49325
ENSG00000279261.1	234760056	49325
ENSG00000279261.1	234760056	49325
ENSG00000279261.1	234760056	56121
ENSG00000279261.1	234760056	56856
ENSG00000279261.1	234760056	96707
ENSG00000279261.1	234760056	96707
ENSG00000279261.1	234760056	102872
ENSG00000279261.1	234760056	102872
ENSG00000279261.1	234760056	106375
ENSG00000279261.1	234760056	107462
ENSG00000279261.1	234760056	126331
ENSG00000279261.1	234760056	126331
ENSG00000279261.1	234760056	126996
ENSG00000279261.1	234760056	155893
ENSG00000279261.1	234760056	159151
ENSG00000279261.1	234760056	159151
ENSG00000279261.1	234760056	165768
ENSG00000173726.10	235128936	173711
ENSG00000173726.10	235128936	167086
ENSG00000173726.10	235128936	166347
ENSG00000173726.10	235128936	159077
ENSG00000173726.10	235128936	158533
ENSG00000173726.10	235128936	158533
ENSG00000173726.10	235128936	154988
ENSG00000173726.10	235128936	149951
ENSG00000173726.10	235128936	148355
ENSG00000173726.10	235128936	148355
ENSG00000173726.10	235128936	141564
ENSG00000173726.10	235128936	141564
ENSG00000173726.10	235128936	141564
ENSG00000173726.10	235128936	141564
ENSG00000173726.10	235128936	131748
ENSG00000173726.10	235128936	130734
ENSG00000173726.10	235128936	81232
ENSG00000173726.10	235128936	61462
ENSG00000173726.10	235128936	59282
ENSG00000173726.10	235128936	59282
ENSG00000173726.10	235128936	54418
ENSG00000173726.10	235128936	54418
ENSG00000173726.10	235128936	54418
ENSG00000173726.10	235128936	54418
ENSG00000173726.10	235128936	45876
ENSG00000173726.10	235128936	45876
ENSG00000173726.10	235128936	35677
ENSG00000173726.10	235128936	35083
ENSG00000173726.10	235128936	24882
ENSG00000143669.13	235883640	19482
ENSG00000143669.13	235883640	25039
ENSG00000143669.13	235883640	27079
ENSG00000143669.13	235883640	33802
ENSG00000143669.13	235883640	33802
ENSG00000143669.13	235883640	58807
ENSG00000143669.13	235883640	87888
ENSG00000143669.13	235883640	87888
ENSG00000143669.13	235883640	88754
ENSG00000116962.14	236065162	1729
ENSG00000116962.14	236065162	2727
ENSG00000186197.12	236348261	4937
ENSG00000186197.12	236348261	4937
ENSG00000116977.18	236517999	14779
ENSG00000244020.2	237004418	52031
ENSG00000244020.2	237004418	6517
ENSG00000244020.2	237004418	8266
ENSG00000244020.2	237004418	8266
ENSG00000133019.11	239386564	647898
ENSG00000133019.11	239386564	647898
ENSG00000180875.4	240612149	55235
ENSG00000180875.4	240612149	79535
ENSG00000180875.4	240612149	79535
ENSG00000180875.4	240612149	79535
ENSG00000182901.15	241357230	66636
ENSG00000182901.15	241357230	66636
ENSG00000117020.16	243851079	66218
ENSG00000117020.16	243851079	66218
ENSG00000179456.10	244048938	1258
ENSG00000179456.10	244048938	1258
ENSG00000179456.10	244048938	1258
ENSG00000173728.10	244352634	138487
ENSG00000173728.10	244352634	79885
ENSG00000173728.10	244352634	79551
ENSG00000173728.10	244352634	78767
ENSG00000173728.10	244352634	78767
ENSG00000173728.10	244352634	78767
ENSG00000173728.10	244352634	53426
ENSG00000173728.10	244352634	53426
ENSG00000173728.10	244352634	3721
ENSG00000121644.18	244652934	77549
ENSG00000121644.18	244652934	77549
ENSG00000121644.18	244652934	77549
ENSG00000203667.9	244835321	901
ENSG00000203666.12	244969704	5453
ENSG00000203666.12	244969704	5453
ENSG00000162849.15	245154984	1056
ENSG00000162849.15	245154984	1056
ENSG00000143653.9	246724046	34469
ENSG00000143653.9	246724046	34469
ENSG00000143653.9	246724046	25164
ENSG00000143653.9	246724046	25164
ENSG00000143653.9	246724046	45240
ENSG00000143653.9	246724046	64768
ENSG00000143653.9	246724046	64768
ENSG00000188295.14	247104372	6876
ENSG00000188295.14	247104372	6876
ENSG00000188295.14	247104372	6876
ENSG00000196418.12	247172016	38354
ENSG00000196418.12	247172016	38354
ENSG00000162714.12	247331846	29248
ENSG00000162714.12	247331846	39264
ENSG00000162714.12	247331846	39264
ENSG00000197437.3	247673041	33708
ENSG00000197437.3	247673041	33708
ENSG00000171163.15	248859144	4074
ENSG00000171163.15	248859144	13795
ENSG00000171163.15	248859144	13795
ENSG00000171163.15	248859144	14345
ENSG00000171163.15	248859144	14345
